Adding custom extension mapping: 'ioc' will be treated as language 'c'
Adding custom extension mapping: 'ld' will be treated as language 'c'
Adding custom extension mapping: 's' will be treated as language 'c'
Adding custom extension mapping: 'asm' will be treated as language 'c'
Doxygen version used: 1.16.1 (669aeeefca743c148e2d935b3d3c69535c7491e6)
Searching for include files...
Searching for example files...
Searching for files in directory D:/hackathon/drivesense_edge
Searching for files in directory D:/hackathon/drivesense_edge/build
Searching for files in directory D:/hackathon/drivesense_edge/build/bootloader
Searching for files in directory D:/hackathon/drivesense_edge/build/bootloader/CMakeFiles
Searching for files in directory D:/hackathon/drivesense_edge/build/bootloader/CMakeFiles/3.30.2
Searching for files in directory D:/hackathon/drivesense_edge/build/bootloader/CMakeFiles/3.30.2/CompilerIdASM
Searching for files in directory D:/hackathon/drivesense_edge/build/bootloader/CMakeFiles/3.30.2/CompilerIdC
Searching for files in directory D:/hackathon/drivesense_edge/build/bootloader/CMakeFiles/3.30.2/CompilerIdC/tmp
Searching for files in directory D:/hackathon/drivesense_edge/build/bootloader/CMakeFiles/3.30.2/CompilerIdCXX
Searching for files in directory D:/hackathon/drivesense_edge/build/bootloader/CMakeFiles/3.30.2/CompilerIdCXX/tmp
Searching for files in directory D:/hackathon/drivesense_edge/build/bootloader/CMakeFiles/bootloader.elf.dir
Searching for files in directory D:/hackathon/drivesense_edge/build/bootloader/CMakeFiles/CMakeScratch
Searching for files in directory D:/hackathon/drivesense_edge/build/bootloader/CMakeFiles/pkgRedirects
Searching for files in directory D:/hackathon/drivesense_edge/build/bootloader/config
Searching for files in directory D:/hackathon/drivesense_edge/build/bootloader/esp-idf
Searching for files in directory D:/hackathon/drivesense_edge/build/bootloader/esp-idf/bootloader
Searching for files in directory D:/hackathon/drivesense_edge/build/bootloader/esp-idf/bootloader/CMakeFiles
Searching for files in directory D:/hackathon/drivesense_edge/build/bootloader/esp-idf/bootloader_support
Searching for files in directory D:/hackathon/drivesense_edge/build/bootloader/esp-idf/bootloader_support/CMakeFiles
Searching for files in directory D:/hackathon/drivesense_edge/build/bootloader/esp-idf/bootloader_support/CMakeFiles/__idf_bootloader_support.dir
Searching for files in directory D:/hackathon/drivesense_edge/build/bootloader/esp-idf/bootloader_support/CMakeFiles/__idf_bootloader_support.dir/bootloader_flash
Searching for files in directory D:/hackathon/drivesense_edge/build/bootloader/esp-idf/bootloader_support/CMakeFiles/__idf_bootloader_support.dir/bootloader_flash/src
Searching for files in directory D:/hackathon/drivesense_edge/build/bootloader/esp-idf/bootloader_support/CMakeFiles/__idf_bootloader_support.dir/src
Searching for files in directory D:/hackathon/drivesense_edge/build/bootloader/esp-idf/bootloader_support/CMakeFiles/__idf_bootloader_support.dir/src/esp32c3
Searching for files in directory D:/hackathon/drivesense_edge/build/bootloader/esp-idf/CMakeFiles
Searching for files in directory D:/hackathon/drivesense_edge/build/bootloader/esp-idf/efuse
Searching for files in directory D:/hackathon/drivesense_edge/build/bootloader/esp-idf/efuse/CMakeFiles
Searching for files in directory D:/hackathon/drivesense_edge/build/bootloader/esp-idf/efuse/CMakeFiles/__idf_efuse.dir
Searching for files in directory D:/hackathon/drivesense_edge/build/bootloader/esp-idf/efuse/CMakeFiles/__idf_efuse.dir/esp32c3
Searching for files in directory D:/hackathon/drivesense_edge/build/bootloader/esp-idf/efuse/CMakeFiles/__idf_efuse.dir/src
Searching for files in directory D:/hackathon/drivesense_edge/build/bootloader/esp-idf/efuse/CMakeFiles/__idf_efuse.dir/src/efuse_controller
Searching for files in directory D:/hackathon/drivesense_edge/build/bootloader/esp-idf/efuse/CMakeFiles/__idf_efuse.dir/src/efuse_controller/keys
Searching for files in directory D:/hackathon/drivesense_edge/build/bootloader/esp-idf/efuse/CMakeFiles/__idf_efuse.dir/src/efuse_controller/keys/with_key_purposes
Searching for files in directory D:/hackathon/drivesense_edge/build/bootloader/esp-idf/esptool_py
Searching for files in directory D:/hackathon/drivesense_edge/build/bootloader/esp-idf/esptool_py/CMakeFiles
Searching for files in directory D:/hackathon/drivesense_edge/build/bootloader/esp-idf/esp_app_format
Searching for files in directory D:/hackathon/drivesense_edge/build/bootloader/esp-idf/esp_app_format/CMakeFiles
Searching for files in directory D:/hackathon/drivesense_edge/build/bootloader/esp-idf/esp_bootloader_format
Searching for files in directory D:/hackathon/drivesense_edge/build/bootloader/esp-idf/esp_bootloader_format/CMakeFiles
Searching for files in directory D:/hackathon/drivesense_edge/build/bootloader/esp-idf/esp_bootloader_format/CMakeFiles/__idf_esp_bootloader_format.dir
Searching for files in directory D:/hackathon/drivesense_edge/build/bootloader/esp-idf/esp_common
Searching for files in directory D:/hackathon/drivesense_edge/build/bootloader/esp-idf/esp_common/CMakeFiles
Searching for files in directory D:/hackathon/drivesense_edge/build/bootloader/esp-idf/esp_common/CMakeFiles/__idf_esp_common.dir
Searching for files in directory D:/hackathon/drivesense_edge/build/bootloader/esp-idf/esp_common/CMakeFiles/__idf_esp_common.dir/src
Searching for files in directory D:/hackathon/drivesense_edge/build/bootloader/esp-idf/esp_hw_support
Searching for files in directory D:/hackathon/drivesense_edge/build/bootloader/esp-idf/esp_hw_support/CMakeFiles
Searching for files in directory D:/hackathon/drivesense_edge/build/bootloader/esp-idf/esp_hw_support/CMakeFiles/__idf_esp_hw_support.dir
Searching for files in directory D:/hackathon/drivesense_edge/build/bootloader/esp-idf/esp_hw_support/CMakeFiles/__idf_esp_hw_support.dir/port
Searching for files in directory D:/hackathon/drivesense_edge/build/bootloader/esp-idf/esp_hw_support/CMakeFiles/__idf_esp_hw_support.dir/port/esp32c3
Searching for files in directory D:/hackathon/drivesense_edge/build/bootloader/esp-idf/esp_hw_support/lowpower
Searching for files in directory D:/hackathon/drivesense_edge/build/bootloader/esp-idf/esp_hw_support/lowpower/CMakeFiles
Searching for files in directory D:/hackathon/drivesense_edge/build/bootloader/esp-idf/esp_hw_support/port
Searching for files in directory D:/hackathon/drivesense_edge/build/bootloader/esp-idf/esp_hw_support/port/esp32c3
Searching for files in directory D:/hackathon/drivesense_edge/build/bootloader/esp-idf/esp_hw_support/port/esp32c3/CMakeFiles
Searching for files in directory D:/hackathon/drivesense_edge/build/bootloader/esp-idf/esp_rom
Searching for files in directory D:/hackathon/drivesense_edge/build/bootloader/esp-idf/esp_rom/CMakeFiles
Searching for files in directory D:/hackathon/drivesense_edge/build/bootloader/esp-idf/esp_rom/CMakeFiles/__idf_esp_rom.dir
Searching for files in directory D:/hackathon/drivesense_edge/build/bootloader/esp-idf/esp_rom/CMakeFiles/__idf_esp_rom.dir/patches
Searching for files in directory D:/hackathon/drivesense_edge/build/bootloader/esp-idf/esp_security
Searching for files in directory D:/hackathon/drivesense_edge/build/bootloader/esp-idf/esp_security/CMakeFiles
Searching for files in directory D:/hackathon/drivesense_edge/build/bootloader/esp-idf/esp_system
Searching for files in directory D:/hackathon/drivesense_edge/build/bootloader/esp-idf/esp_system/CMakeFiles
Searching for files in directory D:/hackathon/drivesense_edge/build/bootloader/esp-idf/esp_system/CMakeFiles/__idf_esp_system.dir
Searching for files in directory D:/hackathon/drivesense_edge/build/bootloader/esp-idf/freertos
Searching for files in directory D:/hackathon/drivesense_edge/build/bootloader/esp-idf/freertos/CMakeFiles
Searching for files in directory D:/hackathon/drivesense_edge/build/bootloader/esp-idf/hal
Searching for files in directory D:/hackathon/drivesense_edge/build/bootloader/esp-idf/hal/CMakeFiles
Searching for files in directory D:/hackathon/drivesense_edge/build/bootloader/esp-idf/hal/CMakeFiles/__idf_hal.dir
Searching for files in directory D:/hackathon/drivesense_edge/build/bootloader/esp-idf/hal/CMakeFiles/__idf_hal.dir/esp32c3
Searching for files in directory D:/hackathon/drivesense_edge/build/bootloader/esp-idf/log
Searching for files in directory D:/hackathon/drivesense_edge/build/bootloader/esp-idf/log/CMakeFiles
Searching for files in directory D:/hackathon/drivesense_edge/build/bootloader/esp-idf/log/CMakeFiles/__idf_log.dir
Searching for files in directory D:/hackathon/drivesense_edge/build/bootloader/esp-idf/log/CMakeFiles/__idf_log.dir/src
Searching for files in directory D:/hackathon/drivesense_edge/build/bootloader/esp-idf/log/CMakeFiles/__idf_log.dir/src/buffer
Searching for files in directory D:/hackathon/drivesense_edge/build/bootloader/esp-idf/log/CMakeFiles/__idf_log.dir/src/noos
Searching for files in directory D:/hackathon/drivesense_edge/build/bootloader/esp-idf/main
Searching for files in directory D:/hackathon/drivesense_edge/build/bootloader/esp-idf/main/CMakeFiles
Searching for files in directory D:/hackathon/drivesense_edge/build/bootloader/esp-idf/main/CMakeFiles/__idf_main.dir
Searching for files in directory D:/hackathon/drivesense_edge/build/bootloader/esp-idf/micro-ecc
Searching for files in directory D:/hackathon/drivesense_edge/build/bootloader/esp-idf/micro-ecc/CMakeFiles
Searching for files in directory D:/hackathon/drivesense_edge/build/bootloader/esp-idf/micro-ecc/CMakeFiles/__idf_micro-ecc.dir
Searching for files in directory D:/hackathon/drivesense_edge/build/bootloader/esp-idf/newlib
Searching for files in directory D:/hackathon/drivesense_edge/build/bootloader/esp-idf/newlib/CMakeFiles
Searching for files in directory D:/hackathon/drivesense_edge/build/bootloader/esp-idf/partition_table
Searching for files in directory D:/hackathon/drivesense_edge/build/bootloader/esp-idf/partition_table/CMakeFiles
Searching for files in directory D:/hackathon/drivesense_edge/build/bootloader/esp-idf/riscv
Searching for files in directory D:/hackathon/drivesense_edge/build/bootloader/esp-idf/riscv/CMakeFiles
Searching for files in directory D:/hackathon/drivesense_edge/build/bootloader/esp-idf/riscv/CMakeFiles/__idf_riscv.dir
Searching for files in directory D:/hackathon/drivesense_edge/build/bootloader/esp-idf/soc
Searching for files in directory D:/hackathon/drivesense_edge/build/bootloader/esp-idf/soc/CMakeFiles
Searching for files in directory D:/hackathon/drivesense_edge/build/bootloader/esp-idf/soc/CMakeFiles/__idf_soc.dir
Searching for files in directory D:/hackathon/drivesense_edge/build/bootloader/esp-idf/soc/CMakeFiles/__idf_soc.dir/esp32c3
Searching for files in directory D:/hackathon/drivesense_edge/build/bootloader/esp-idf/spi_flash
Searching for files in directory D:/hackathon/drivesense_edge/build/bootloader/esp-idf/spi_flash/CMakeFiles
Searching for files in directory D:/hackathon/drivesense_edge/build/bootloader/esp-idf/spi_flash/CMakeFiles/__idf_spi_flash.dir
Searching for files in directory D:/hackathon/drivesense_edge/build/bootloader/gdbinit
Searching for files in directory D:/hackathon/drivesense_edge/build/bootloader-prefix
Searching for files in directory D:/hackathon/drivesense_edge/build/bootloader-prefix/src
Searching for files in directory D:/hackathon/drivesense_edge/build/bootloader-prefix/src/bootloader-stamp
Searching for files in directory D:/hackathon/drivesense_edge/build/bootloader-prefix/tmp
Searching for files in directory D:/hackathon/drivesense_edge/build/CMakeFiles
Searching for files in directory D:/hackathon/drivesense_edge/build/CMakeFiles/3.30.2
Searching for files in directory D:/hackathon/drivesense_edge/build/CMakeFiles/3.30.2/CompilerIdASM
Searching for files in directory D:/hackathon/drivesense_edge/build/CMakeFiles/3.30.2/CompilerIdC
Searching for files in directory D:/hackathon/drivesense_edge/build/CMakeFiles/3.30.2/CompilerIdC/tmp
Searching for files in directory D:/hackathon/drivesense_edge/build/CMakeFiles/3.30.2/CompilerIdCXX
Searching for files in directory D:/hackathon/drivesense_edge/build/CMakeFiles/3.30.2/CompilerIdCXX/tmp
Searching for files in directory D:/hackathon/drivesense_edge/build/CMakeFiles/bootloader.dir
Searching for files in directory D:/hackathon/drivesense_edge/build/CMakeFiles/git-data
Searching for files in directory D:/hackathon/drivesense_edge/build/CMakeFiles/hw290_imu.elf.dir
Searching for files in directory D:/hackathon/drivesense_edge/build/CMakeFiles/pkgRedirects
Searching for files in directory D:/hackathon/drivesense_edge/build/config
Searching for files in directory D:/hackathon/drivesense_edge/build/esp-idf
Searching for files in directory D:/hackathon/drivesense_edge/build/esp-idf/app_update
Searching for files in directory D:/hackathon/drivesense_edge/build/esp-idf/app_update/CMakeFiles
Searching for files in directory D:/hackathon/drivesense_edge/build/esp-idf/app_update/CMakeFiles/__idf_app_update.dir
Searching for files in directory D:/hackathon/drivesense_edge/build/esp-idf/bootloader
Searching for files in directory D:/hackathon/drivesense_edge/build/esp-idf/bootloader/CMakeFiles
Searching for files in directory D:/hackathon/drivesense_edge/build/esp-idf/bootloader_support
Searching for files in directory D:/hackathon/drivesense_edge/build/esp-idf/bootloader_support/CMakeFiles
Searching for files in directory D:/hackathon/drivesense_edge/build/esp-idf/bootloader_support/CMakeFiles/__idf_bootloader_support.dir
Searching for files in directory D:/hackathon/drivesense_edge/build/esp-idf/bootloader_support/CMakeFiles/__idf_bootloader_support.dir/bootloader_flash
Searching for files in directory D:/hackathon/drivesense_edge/build/esp-idf/bootloader_support/CMakeFiles/__idf_bootloader_support.dir/bootloader_flash/src
Searching for files in directory D:/hackathon/drivesense_edge/build/esp-idf/bootloader_support/CMakeFiles/__idf_bootloader_support.dir/src
Searching for files in directory D:/hackathon/drivesense_edge/build/esp-idf/bootloader_support/CMakeFiles/__idf_bootloader_support.dir/src/esp32c3
Searching for files in directory D:/hackathon/drivesense_edge/build/esp-idf/CMakeFiles
Searching for files in directory D:/hackathon/drivesense_edge/build/esp-idf/cxx
Searching for files in directory D:/hackathon/drivesense_edge/build/esp-idf/cxx/CMakeFiles
Searching for files in directory D:/hackathon/drivesense_edge/build/esp-idf/cxx/CMakeFiles/__idf_cxx.dir
Searching for files in directory D:/hackathon/drivesense_edge/build/esp-idf/efuse
Searching for files in directory D:/hackathon/drivesense_edge/build/esp-idf/efuse/CMakeFiles
Searching for files in directory D:/hackathon/drivesense_edge/build/esp-idf/efuse/CMakeFiles/__idf_efuse.dir
Searching for files in directory D:/hackathon/drivesense_edge/build/esp-idf/efuse/CMakeFiles/__idf_efuse.dir/esp32c3
Searching for files in directory D:/hackathon/drivesense_edge/build/esp-idf/efuse/CMakeFiles/__idf_efuse.dir/src
Searching for files in directory D:/hackathon/drivesense_edge/build/esp-idf/efuse/CMakeFiles/__idf_efuse.dir/src/efuse_controller
Searching for files in directory D:/hackathon/drivesense_edge/build/esp-idf/efuse/CMakeFiles/__idf_efuse.dir/src/efuse_controller/keys
Searching for files in directory D:/hackathon/drivesense_edge/build/esp-idf/efuse/CMakeFiles/__idf_efuse.dir/src/efuse_controller/keys/with_key_purposes
Searching for files in directory D:/hackathon/drivesense_edge/build/esp-idf/esptool_py
Searching for files in directory D:/hackathon/drivesense_edge/build/esp-idf/esptool_py/CMakeFiles
Searching for files in directory D:/hackathon/drivesense_edge/build/esp-idf/esp_app_format
Searching for files in directory D:/hackathon/drivesense_edge/build/esp-idf/esp_app_format/CMakeFiles
Searching for files in directory D:/hackathon/drivesense_edge/build/esp-idf/esp_app_format/CMakeFiles/__idf_esp_app_format.dir
Searching for files in directory D:/hackathon/drivesense_edge/build/esp-idf/esp_bootloader_format
Searching for files in directory D:/hackathon/drivesense_edge/build/esp-idf/esp_bootloader_format/CMakeFiles
Searching for files in directory D:/hackathon/drivesense_edge/build/esp-idf/esp_bootloader_format/CMakeFiles/__idf_esp_bootloader_format.dir
Searching for files in directory D:/hackathon/drivesense_edge/build/esp-idf/esp_common
Searching for files in directory D:/hackathon/drivesense_edge/build/esp-idf/esp_common/CMakeFiles
Searching for files in directory D:/hackathon/drivesense_edge/build/esp-idf/esp_common/CMakeFiles/__idf_esp_common.dir
Searching for files in directory D:/hackathon/drivesense_edge/build/esp-idf/esp_common/CMakeFiles/__idf_esp_common.dir/src
Searching for files in directory D:/hackathon/drivesense_edge/build/esp-idf/esp_driver_gpio
Searching for files in directory D:/hackathon/drivesense_edge/build/esp-idf/esp_driver_gpio/CMakeFiles
Searching for files in directory D:/hackathon/drivesense_edge/build/esp-idf/esp_driver_gpio/CMakeFiles/__idf_esp_driver_gpio.dir
Searching for files in directory D:/hackathon/drivesense_edge/build/esp-idf/esp_driver_gpio/CMakeFiles/__idf_esp_driver_gpio.dir/src
Searching for files in directory D:/hackathon/drivesense_edge/build/esp-idf/esp_driver_i2c
Searching for files in directory D:/hackathon/drivesense_edge/build/esp-idf/esp_driver_i2c/CMakeFiles
Searching for files in directory D:/hackathon/drivesense_edge/build/esp-idf/esp_driver_i2c/CMakeFiles/__idf_esp_driver_i2c.dir
Searching for files in directory D:/hackathon/drivesense_edge/build/esp-idf/esp_hw_support
Searching for files in directory D:/hackathon/drivesense_edge/build/esp-idf/esp_hw_support/CMakeFiles
Searching for files in directory D:/hackathon/drivesense_edge/build/esp-idf/esp_hw_support/CMakeFiles/__idf_esp_hw_support.dir
Searching for files in directory D:/hackathon/drivesense_edge/build/esp-idf/esp_hw_support/CMakeFiles/__idf_esp_hw_support.dir/deprecated
Searching for files in directory D:/hackathon/drivesense_edge/build/esp-idf/esp_hw_support/CMakeFiles/__idf_esp_hw_support.dir/dma
Searching for files in directory D:/hackathon/drivesense_edge/build/esp-idf/esp_hw_support/CMakeFiles/__idf_esp_hw_support.dir/lowpower
Searching for files in directory D:/hackathon/drivesense_edge/build/esp-idf/esp_hw_support/CMakeFiles/__idf_esp_hw_support.dir/lowpower/port
Searching for files in directory D:/hackathon/drivesense_edge/build/esp-idf/esp_hw_support/CMakeFiles/__idf_esp_hw_support.dir/lowpower/port/esp32c3
Searching for files in directory D:/hackathon/drivesense_edge/build/esp-idf/esp_hw_support/CMakeFiles/__idf_esp_hw_support.dir/mspi_timing_tuning
Searching for files in directory D:/hackathon/drivesense_edge/build/esp-idf/esp_hw_support/CMakeFiles/__idf_esp_hw_support.dir/port
Searching for files in directory D:/hackathon/drivesense_edge/build/esp-idf/esp_hw_support/CMakeFiles/__idf_esp_hw_support.dir/port/esp32c3
Searching for files in directory D:/hackathon/drivesense_edge/build/esp-idf/esp_hw_support/CMakeFiles/__idf_esp_hw_support.dir/power_supply
Searching for files in directory D:/hackathon/drivesense_edge/build/esp-idf/esp_hw_support/lowpower
Searching for files in directory D:/hackathon/drivesense_edge/build/esp-idf/esp_hw_support/lowpower/CMakeFiles
Searching for files in directory D:/hackathon/drivesense_edge/build/esp-idf/esp_hw_support/port
Searching for files in directory D:/hackathon/drivesense_edge/build/esp-idf/esp_hw_support/port/esp32c3
Searching for files in directory D:/hackathon/drivesense_edge/build/esp-idf/esp_hw_support/port/esp32c3/CMakeFiles
Searching for files in directory D:/hackathon/drivesense_edge/build/esp-idf/esp_mm
Searching for files in directory D:/hackathon/drivesense_edge/build/esp-idf/esp_mm/CMakeFiles
Searching for files in directory D:/hackathon/drivesense_edge/build/esp-idf/esp_mm/CMakeFiles/__idf_esp_mm.dir
Searching for files in directory D:/hackathon/drivesense_edge/build/esp-idf/esp_mm/CMakeFiles/__idf_esp_mm.dir/port
Searching for files in directory D:/hackathon/drivesense_edge/build/esp-idf/esp_mm/CMakeFiles/__idf_esp_mm.dir/port/esp32c3
Searching for files in directory D:/hackathon/drivesense_edge/build/esp-idf/esp_partition
Searching for files in directory D:/hackathon/drivesense_edge/build/esp-idf/esp_partition/CMakeFiles
Searching for files in directory D:/hackathon/drivesense_edge/build/esp-idf/esp_partition/CMakeFiles/__idf_esp_partition.dir
Searching for files in directory D:/hackathon/drivesense_edge/build/esp-idf/esp_pm
Searching for files in directory D:/hackathon/drivesense_edge/build/esp-idf/esp_pm/CMakeFiles
Searching for files in directory D:/hackathon/drivesense_edge/build/esp-idf/esp_pm/CMakeFiles/__idf_esp_pm.dir
Searching for files in directory D:/hackathon/drivesense_edge/build/esp-idf/esp_ringbuf
Searching for files in directory D:/hackathon/drivesense_edge/build/esp-idf/esp_ringbuf/CMakeFiles
Searching for files in directory D:/hackathon/drivesense_edge/build/esp-idf/esp_ringbuf/CMakeFiles/__idf_esp_ringbuf.dir
Searching for files in directory D:/hackathon/drivesense_edge/build/esp-idf/esp_rom
Searching for files in directory D:/hackathon/drivesense_edge/build/esp-idf/esp_rom/CMakeFiles
Searching for files in directory D:/hackathon/drivesense_edge/build/esp-idf/esp_rom/CMakeFiles/__idf_esp_rom.dir
Searching for files in directory D:/hackathon/drivesense_edge/build/esp-idf/esp_rom/CMakeFiles/__idf_esp_rom.dir/patches
Searching for files in directory D:/hackathon/drivesense_edge/build/esp-idf/esp_security
Searching for files in directory D:/hackathon/drivesense_edge/build/esp-idf/esp_security/CMakeFiles
Searching for files in directory D:/hackathon/drivesense_edge/build/esp-idf/esp_security/CMakeFiles/__idf_esp_security.dir
Searching for files in directory D:/hackathon/drivesense_edge/build/esp-idf/esp_security/CMakeFiles/__idf_esp_security.dir/src
Searching for files in directory D:/hackathon/drivesense_edge/build/esp-idf/esp_system
Searching for files in directory D:/hackathon/drivesense_edge/build/esp-idf/esp_system/CMakeFiles
Searching for files in directory D:/hackathon/drivesense_edge/build/esp-idf/esp_system/CMakeFiles/__idf_esp_system.dir
Searching for files in directory D:/hackathon/drivesense_edge/build/esp-idf/esp_system/CMakeFiles/__idf_esp_system.dir/port
Searching for files in directory D:/hackathon/drivesense_edge/build/esp-idf/esp_system/CMakeFiles/__idf_esp_system.dir/port/arch
Searching for files in directory D:/hackathon/drivesense_edge/build/esp-idf/esp_system/CMakeFiles/__idf_esp_system.dir/port/arch/riscv
Searching for files in directory D:/hackathon/drivesense_edge/build/esp-idf/esp_system/CMakeFiles/__idf_esp_system.dir/port/soc
Searching for files in directory D:/hackathon/drivesense_edge/build/esp-idf/esp_system/CMakeFiles/__idf_esp_system.dir/port/soc/esp32c3
Searching for files in directory D:/hackathon/drivesense_edge/build/esp-idf/esp_system/CMakeFiles/__idf_esp_system.dir/task_wdt
Searching for files in directory D:/hackathon/drivesense_edge/build/esp-idf/esp_system/ld
Searching for files in directory D:/hackathon/drivesense_edge/build/esp-idf/esp_system/port
Searching for files in directory D:/hackathon/drivesense_edge/build/esp-idf/esp_system/port/CMakeFiles
Searching for files in directory D:/hackathon/drivesense_edge/build/esp-idf/esp_system/port/soc
Searching for files in directory D:/hackathon/drivesense_edge/build/esp-idf/esp_system/port/soc/esp32c3
Searching for files in directory D:/hackathon/drivesense_edge/build/esp-idf/esp_system/port/soc/esp32c3/CMakeFiles
Searching for files in directory D:/hackathon/drivesense_edge/build/esp-idf/esp_timer
Searching for files in directory D:/hackathon/drivesense_edge/build/esp-idf/esp_timer/CMakeFiles
Searching for files in directory D:/hackathon/drivesense_edge/build/esp-idf/esp_timer/CMakeFiles/__idf_esp_timer.dir
Searching for files in directory D:/hackathon/drivesense_edge/build/esp-idf/esp_timer/CMakeFiles/__idf_esp_timer.dir/src
Searching for files in directory D:/hackathon/drivesense_edge/build/esp-idf/firmgen_telemetry
Searching for files in directory D:/hackathon/drivesense_edge/build/esp-idf/firmgen_telemetry/CMakeFiles
Searching for files in directory D:/hackathon/drivesense_edge/build/esp-idf/firmgen_telemetry/CMakeFiles/__idf_firmgen_telemetry.dir
Searching for files in directory D:/hackathon/drivesense_edge/build/esp-idf/freertos
Searching for files in directory D:/hackathon/drivesense_edge/build/esp-idf/freertos/CMakeFiles
Searching for files in directory D:/hackathon/drivesense_edge/build/esp-idf/freertos/CMakeFiles/__idf_freertos.dir
Searching for files in directory D:/hackathon/drivesense_edge/build/esp-idf/freertos/CMakeFiles/__idf_freertos.dir/esp_additions
Searching for files in directory D:/hackathon/drivesense_edge/build/esp-idf/freertos/CMakeFiles/__idf_freertos.dir/FreeRTOS-Kernel
Searching for files in directory D:/hackathon/drivesense_edge/build/esp-idf/freertos/CMakeFiles/__idf_freertos.dir/FreeRTOS-Kernel/portable
Searching for files in directory D:/hackathon/drivesense_edge/build/esp-idf/freertos/CMakeFiles/__idf_freertos.dir/FreeRTOS-Kernel/portable/riscv
Searching for files in directory D:/hackathon/drivesense_edge/build/esp-idf/hal
Searching for files in directory D:/hackathon/drivesense_edge/build/esp-idf/hal/CMakeFiles
Searching for files in directory D:/hackathon/drivesense_edge/build/esp-idf/hal/CMakeFiles/__idf_hal.dir
Searching for files in directory D:/hackathon/drivesense_edge/build/esp-idf/hal/CMakeFiles/__idf_hal.dir/esp32c3
Searching for files in directory D:/hackathon/drivesense_edge/build/esp-idf/heap
Searching for files in directory D:/hackathon/drivesense_edge/build/esp-idf/heap/CMakeFiles
Searching for files in directory D:/hackathon/drivesense_edge/build/esp-idf/heap/CMakeFiles/__idf_heap.dir
Searching for files in directory D:/hackathon/drivesense_edge/build/esp-idf/heap/CMakeFiles/__idf_heap.dir/port
Searching for files in directory D:/hackathon/drivesense_edge/build/esp-idf/heap/CMakeFiles/__idf_heap.dir/port/esp32c3
Searching for files in directory D:/hackathon/drivesense_edge/build/esp-idf/heap/CMakeFiles/__idf_heap.dir/tlsf
Searching for files in directory D:/hackathon/drivesense_edge/build/esp-idf/log
Searching for files in directory D:/hackathon/drivesense_edge/build/esp-idf/log/CMakeFiles
Searching for files in directory D:/hackathon/drivesense_edge/build/esp-idf/log/CMakeFiles/__idf_log.dir
Searching for files in directory D:/hackathon/drivesense_edge/build/esp-idf/log/CMakeFiles/__idf_log.dir/src
Searching for files in directory D:/hackathon/drivesense_edge/build/esp-idf/log/CMakeFiles/__idf_log.dir/src/buffer
Searching for files in directory D:/hackathon/drivesense_edge/build/esp-idf/log/CMakeFiles/__idf_log.dir/src/log_level
Searching for files in directory D:/hackathon/drivesense_edge/build/esp-idf/log/CMakeFiles/__idf_log.dir/src/log_level/tag_log_level
Searching for files in directory D:/hackathon/drivesense_edge/build/esp-idf/log/CMakeFiles/__idf_log.dir/src/log_level/tag_log_level/cache
Searching for files in directory D:/hackathon/drivesense_edge/build/esp-idf/log/CMakeFiles/__idf_log.dir/src/log_level/tag_log_level/linked_list
Searching for files in directory D:/hackathon/drivesense_edge/build/esp-idf/log/CMakeFiles/__idf_log.dir/src/os
Searching for files in directory D:/hackathon/drivesense_edge/build/esp-idf/main
Searching for files in directory D:/hackathon/drivesense_edge/build/esp-idf/main/CMakeFiles
Searching for files in directory D:/hackathon/drivesense_edge/build/esp-idf/main/CMakeFiles/__idf_main.dir
Searching for files in directory D:/hackathon/drivesense_edge/build/esp-idf/main/CMakeFiles/__idf_main.dir/__
Searching for files in directory D:/hackathon/drivesense_edge/build/esp-idf/main/CMakeFiles/__idf_main.dir/__/firmware
Searching for files in directory D:/hackathon/drivesense_edge/build/esp-idf/main/CMakeFiles/__idf_main.dir/__/firmware/app
Searching for files in directory D:/hackathon/drivesense_edge/build/esp-idf/main/CMakeFiles/__idf_main.dir/__/firmware/platforms
Searching for files in directory D:/hackathon/drivesense_edge/build/esp-idf/main/CMakeFiles/__idf_main.dir/__/firmware/platforms/esp32
Searching for files in directory D:/hackathon/drivesense_edge/build/esp-idf/mbedtls
Searching for files in directory D:/hackathon/drivesense_edge/build/esp-idf/mbedtls/CMakeFiles
Searching for files in directory D:/hackathon/drivesense_edge/build/esp-idf/mbedtls/CMakeFiles/__idf_mbedtls.dir
Searching for files in directory D:/hackathon/drivesense_edge/build/esp-idf/mbedtls/CMakeFiles/__idf_mbedtls.dir/esp_crt_bundle
Searching for files in directory D:/hackathon/drivesense_edge/build/esp-idf/mbedtls/CMakeFiles/__idf_mbedtls.dir/__
Searching for files in directory D:/hackathon/drivesense_edge/build/esp-idf/mbedtls/CMakeFiles/__idf_mbedtls.dir/__/__
Searching for files in directory D:/hackathon/drivesense_edge/build/esp-idf/mbedtls/mbedtls
Searching for files in directory D:/hackathon/drivesense_edge/build/esp-idf/mbedtls/mbedtls/3rdparty
Searching for files in directory D:/hackathon/drivesense_edge/build/esp-idf/mbedtls/mbedtls/3rdparty/CMakeFiles
Searching for files in directory D:/hackathon/drivesense_edge/build/esp-idf/mbedtls/mbedtls/3rdparty/everest
Searching for files in directory D:/hackathon/drivesense_edge/build/esp-idf/mbedtls/mbedtls/3rdparty/everest/CMakeFiles
Searching for files in directory D:/hackathon/drivesense_edge/build/esp-idf/mbedtls/mbedtls/3rdparty/everest/CMakeFiles/everest.dir
Searching for files in directory D:/hackathon/drivesense_edge/build/esp-idf/mbedtls/mbedtls/3rdparty/everest/CMakeFiles/everest.dir/library
Searching for files in directory D:/hackathon/drivesense_edge/build/esp-idf/mbedtls/mbedtls/3rdparty/p256-m
Searching for files in directory D:/hackathon/drivesense_edge/build/esp-idf/mbedtls/mbedtls/3rdparty/p256-m/CMakeFiles
Searching for files in directory D:/hackathon/drivesense_edge/build/esp-idf/mbedtls/mbedtls/3rdparty/p256-m/CMakeFiles/p256m.dir
Searching for files in directory D:/hackathon/drivesense_edge/build/esp-idf/mbedtls/mbedtls/3rdparty/p256-m/CMakeFiles/p256m.dir/p256-m
Searching for files in directory D:/hackathon/drivesense_edge/build/esp-idf/mbedtls/mbedtls/CMakeFiles
Searching for files in directory D:/hackathon/drivesense_edge/build/esp-idf/mbedtls/mbedtls/include
Searching for files in directory D:/hackathon/drivesense_edge/build/esp-idf/mbedtls/mbedtls/include/CMakeFiles
Searching for files in directory D:/hackathon/drivesense_edge/build/esp-idf/mbedtls/mbedtls/library
Searching for files in directory D:/hackathon/drivesense_edge/build/esp-idf/mbedtls/mbedtls/library/CMakeFiles
Searching for files in directory D:/hackathon/drivesense_edge/build/esp-idf/mbedtls/mbedtls/library/CMakeFiles/mbedcrypto.dir
Searching for files in directory D:/hackathon/drivesense_edge/build/esp-idf/mbedtls/mbedtls/library/CMakeFiles/mbedcrypto.dir/C_
Searching for files in directory D:/hackathon/drivesense_edge/build/esp-idf/mbedtls/mbedtls/library/CMakeFiles/mbedcrypto.dir/C_/Espressif
Searching for files in directory D:/hackathon/drivesense_edge/build/esp-idf/mbedtls/mbedtls/library/CMakeFiles/mbedcrypto.dir/C_/Espressif/esp-idf-release-v5.5
Searching for files in directory D:/hackathon/drivesense_edge/build/esp-idf/mbedtls/mbedtls/library/CMakeFiles/mbedcrypto.dir/C_/Espressif/esp-idf-release-v5.5/components
Searching for files in directory D:/hackathon/drivesense_edge/build/esp-idf/mbedtls/mbedtls/library/CMakeFiles/mbedcrypto.dir/C_/Espressif/esp-idf-release-v5.5/components/mbedtls
Searching for files in directory D:/hackathon/drivesense_edge/build/esp-idf/mbedtls/mbedtls/library/CMakeFiles/mbedcrypto.dir/C_/Espressif/esp-idf-release-v5.5/components/mbedtls/port
Searching for files in directory D:/hackathon/drivesense_edge/build/esp-idf/mbedtls/mbedtls/library/CMakeFiles/mbedcrypto.dir/C_/Espressif/esp-idf-release-v5.5/components/mbedtls/port/aes
Searching for files in directory D:/hackathon/drivesense_edge/build/esp-idf/mbedtls/mbedtls/library/CMakeFiles/mbedcrypto.dir/C_/Espressif/esp-idf-release-v5.5/components/mbedtls/port/aes/dma
Searching for files in directory D:/hackathon/drivesense_edge/build/esp-idf/mbedtls/mbedtls/library/CMakeFiles/mbedcrypto.dir/C_/Espressif/esp-idf-release-v5.5/components/mbedtls/port/bignum
Searching for files in directory D:/hackathon/drivesense_edge/build/esp-idf/mbedtls/mbedtls/library/CMakeFiles/mbedcrypto.dir/C_/Espressif/esp-idf-release-v5.5/components/mbedtls/port/crypto_shared_gdma
Searching for files in directory D:/hackathon/drivesense_edge/build/esp-idf/mbedtls/mbedtls/library/CMakeFiles/mbedcrypto.dir/C_/Espressif/esp-idf-release-v5.5/components/mbedtls/port/md
Searching for files in directory D:/hackathon/drivesense_edge/build/esp-idf/mbedtls/mbedtls/library/CMakeFiles/mbedcrypto.dir/C_/Espressif/esp-idf-release-v5.5/components/mbedtls/port/sha
Searching for files in directory D:/hackathon/drivesense_edge/build/esp-idf/mbedtls/mbedtls/library/CMakeFiles/mbedcrypto.dir/C_/Espressif/esp-idf-release-v5.5/components/mbedtls/port/sha/core
Searching for files in directory D:/hackathon/drivesense_edge/build/esp-idf/mbedtls/mbedtls/library/CMakeFiles/mbedtls.dir
Searching for files in directory D:/hackathon/drivesense_edge/build/esp-idf/mbedtls/mbedtls/library/CMakeFiles/mbedtls.dir/C_
Searching for files in directory D:/hackathon/drivesense_edge/build/esp-idf/mbedtls/mbedtls/library/CMakeFiles/mbedtls.dir/C_/Espressif
Searching for files in directory D:/hackathon/drivesense_edge/build/esp-idf/mbedtls/mbedtls/library/CMakeFiles/mbedtls.dir/C_/Espressif/esp-idf-release-v5.5
Searching for files in directory D:/hackathon/drivesense_edge/build/esp-idf/mbedtls/mbedtls/library/CMakeFiles/mbedtls.dir/C_/Espressif/esp-idf-release-v5.5/components
Searching for files in directory D:/hackathon/drivesense_edge/build/esp-idf/mbedtls/mbedtls/library/CMakeFiles/mbedtls.dir/C_/Espressif/esp-idf-release-v5.5/components/mbedtls
Searching for files in directory D:/hackathon/drivesense_edge/build/esp-idf/mbedtls/mbedtls/library/CMakeFiles/mbedtls.dir/C_/Espressif/esp-idf-release-v5.5/components/mbedtls/port
Searching for files in directory D:/hackathon/drivesense_edge/build/esp-idf/mbedtls/mbedtls/library/CMakeFiles/mbedx509.dir
Searching for files in directory D:/hackathon/drivesense_edge/build/esp-idf/mbedtls/mbedtls/pkgconfig
Searching for files in directory D:/hackathon/drivesense_edge/build/esp-idf/mbedtls/mbedtls/pkgconfig/CMakeFiles
Searching for files in directory D:/hackathon/drivesense_edge/build/esp-idf/newlib
Searching for files in directory D:/hackathon/drivesense_edge/build/esp-idf/newlib/CMakeFiles
Searching for files in directory D:/hackathon/drivesense_edge/build/esp-idf/newlib/CMakeFiles/__idf_newlib.dir
Searching for files in directory D:/hackathon/drivesense_edge/build/esp-idf/newlib/CMakeFiles/__idf_newlib.dir/src
Searching for files in directory D:/hackathon/drivesense_edge/build/esp-idf/newlib/CMakeFiles/__idf_newlib.dir/src/port
Searching for files in directory D:/hackathon/drivesense_edge/build/esp-idf/newlib/src
Searching for files in directory D:/hackathon/drivesense_edge/build/esp-idf/newlib/src/port
Searching for files in directory D:/hackathon/drivesense_edge/build/esp-idf/newlib/src/port/CMakeFiles
Searching for files in directory D:/hackathon/drivesense_edge/build/esp-idf/partition_table
Searching for files in directory D:/hackathon/drivesense_edge/build/esp-idf/partition_table/CMakeFiles
Searching for files in directory D:/hackathon/drivesense_edge/build/esp-idf/pthread
Searching for files in directory D:/hackathon/drivesense_edge/build/esp-idf/pthread/CMakeFiles
Searching for files in directory D:/hackathon/drivesense_edge/build/esp-idf/pthread/CMakeFiles/__idf_pthread.dir
Searching for files in directory D:/hackathon/drivesense_edge/build/esp-idf/riscv
Searching for files in directory D:/hackathon/drivesense_edge/build/esp-idf/riscv/CMakeFiles
Searching for files in directory D:/hackathon/drivesense_edge/build/esp-idf/riscv/CMakeFiles/__idf_riscv.dir
Searching for files in directory D:/hackathon/drivesense_edge/build/esp-idf/soc
Searching for files in directory D:/hackathon/drivesense_edge/build/esp-idf/soc/CMakeFiles
Searching for files in directory D:/hackathon/drivesense_edge/build/esp-idf/soc/CMakeFiles/__idf_soc.dir
Searching for files in directory D:/hackathon/drivesense_edge/build/esp-idf/soc/CMakeFiles/__idf_soc.dir/esp32c3
Searching for files in directory D:/hackathon/drivesense_edge/build/esp-idf/spi_flash
Searching for files in directory D:/hackathon/drivesense_edge/build/esp-idf/spi_flash/CMakeFiles
Searching for files in directory D:/hackathon/drivesense_edge/build/esp-idf/spi_flash/CMakeFiles/__idf_spi_flash.dir
Searching for files in directory D:/hackathon/drivesense_edge/build/gdbinit
Searching for files in directory D:/hackathon/drivesense_edge/build/log
Searching for files in directory D:/hackathon/drivesense_edge/build/partition_table
Searching for files in directory D:/hackathon/drivesense_edge/components
Searching for files in directory D:/hackathon/drivesense_edge/components/firmgen_telemetry
Searching for files in directory D:/hackathon/drivesense_edge/components/firmgen_telemetry/include
Searching for files in directory D:/hackathon/drivesense_edge/firmware
Searching for files in directory D:/hackathon/drivesense_edge/firmware/app
Searching for files in directory D:/hackathon/drivesense_edge/firmware/configs
Searching for files in directory D:/hackathon/drivesense_edge/firmware/docs
Searching for files in directory D:/hackathon/drivesense_edge/firmware/docs/api
Searching for files in directory D:/hackathon/drivesense_edge/firmware/docs/api/html
Searching for files in directory D:/hackathon/drivesense_edge/firmware/interfaces
Searching for files in directory D:/hackathon/drivesense_edge/firmware/platforms
Searching for files in directory D:/hackathon/drivesense_edge/firmware/platforms/esp32
Searching for files in directory D:/hackathon/drivesense_edge/main
Searching for files in directory D:/hackathon/drivesense_edge/sources
Searching for images...
Searching for files in directory D:/hackathon/drivesense_edge
Searching for files in directory D:/hackathon/drivesense_edge/build
Searching for files in directory D:/hackathon/drivesense_edge/build/bootloader
Searching for files in directory D:/hackathon/drivesense_edge/build/bootloader/CMakeFiles
Searching for files in directory D:/hackathon/drivesense_edge/build/bootloader/CMakeFiles/3.30.2
Searching for files in directory D:/hackathon/drivesense_edge/build/bootloader/CMakeFiles/3.30.2/CompilerIdASM
Searching for files in directory D:/hackathon/drivesense_edge/build/bootloader/CMakeFiles/3.30.2/CompilerIdC
Searching for files in directory D:/hackathon/drivesense_edge/build/bootloader/CMakeFiles/3.30.2/CompilerIdC/tmp
Searching for files in directory D:/hackathon/drivesense_edge/build/bootloader/CMakeFiles/3.30.2/CompilerIdCXX
Searching for files in directory D:/hackathon/drivesense_edge/build/bootloader/CMakeFiles/3.30.2/CompilerIdCXX/tmp
Searching for files in directory D:/hackathon/drivesense_edge/build/bootloader/CMakeFiles/bootloader.elf.dir
Searching for files in directory D:/hackathon/drivesense_edge/build/bootloader/CMakeFiles/CMakeScratch
Searching for files in directory D:/hackathon/drivesense_edge/build/bootloader/CMakeFiles/pkgRedirects
Searching for files in directory D:/hackathon/drivesense_edge/build/bootloader/config
Searching for files in directory D:/hackathon/drivesense_edge/build/bootloader/esp-idf
Searching for files in directory D:/hackathon/drivesense_edge/build/bootloader/esp-idf/bootloader
Searching for files in directory D:/hackathon/drivesense_edge/build/bootloader/esp-idf/bootloader/CMakeFiles
Searching for files in directory D:/hackathon/drivesense_edge/build/bootloader/esp-idf/bootloader_support
Searching for files in directory D:/hackathon/drivesense_edge/build/bootloader/esp-idf/bootloader_support/CMakeFiles
Searching for files in directory D:/hackathon/drivesense_edge/build/bootloader/esp-idf/bootloader_support/CMakeFiles/__idf_bootloader_support.dir
Searching for files in directory D:/hackathon/drivesense_edge/build/bootloader/esp-idf/bootloader_support/CMakeFiles/__idf_bootloader_support.dir/bootloader_flash
Searching for files in directory D:/hackathon/drivesense_edge/build/bootloader/esp-idf/bootloader_support/CMakeFiles/__idf_bootloader_support.dir/bootloader_flash/src
Searching for files in directory D:/hackathon/drivesense_edge/build/bootloader/esp-idf/bootloader_support/CMakeFiles/__idf_bootloader_support.dir/src
Searching for files in directory D:/hackathon/drivesense_edge/build/bootloader/esp-idf/bootloader_support/CMakeFiles/__idf_bootloader_support.dir/src/esp32c3
Searching for files in directory D:/hackathon/drivesense_edge/build/bootloader/esp-idf/CMakeFiles
Searching for files in directory D:/hackathon/drivesense_edge/build/bootloader/esp-idf/efuse
Searching for files in directory D:/hackathon/drivesense_edge/build/bootloader/esp-idf/efuse/CMakeFiles
Searching for files in directory D:/hackathon/drivesense_edge/build/bootloader/esp-idf/efuse/CMakeFiles/__idf_efuse.dir
Searching for files in directory D:/hackathon/drivesense_edge/build/bootloader/esp-idf/efuse/CMakeFiles/__idf_efuse.dir/esp32c3
Searching for files in directory D:/hackathon/drivesense_edge/build/bootloader/esp-idf/efuse/CMakeFiles/__idf_efuse.dir/src
Searching for files in directory D:/hackathon/drivesense_edge/build/bootloader/esp-idf/efuse/CMakeFiles/__idf_efuse.dir/src/efuse_controller
Searching for files in directory D:/hackathon/drivesense_edge/build/bootloader/esp-idf/efuse/CMakeFiles/__idf_efuse.dir/src/efuse_controller/keys
Searching for files in directory D:/hackathon/drivesense_edge/build/bootloader/esp-idf/efuse/CMakeFiles/__idf_efuse.dir/src/efuse_controller/keys/with_key_purposes
Searching for files in directory D:/hackathon/drivesense_edge/build/bootloader/esp-idf/esptool_py
Searching for files in directory D:/hackathon/drivesense_edge/build/bootloader/esp-idf/esptool_py/CMakeFiles
Searching for files in directory D:/hackathon/drivesense_edge/build/bootloader/esp-idf/esp_app_format
Searching for files in directory D:/hackathon/drivesense_edge/build/bootloader/esp-idf/esp_app_format/CMakeFiles
Searching for files in directory D:/hackathon/drivesense_edge/build/bootloader/esp-idf/esp_bootloader_format
Searching for files in directory D:/hackathon/drivesense_edge/build/bootloader/esp-idf/esp_bootloader_format/CMakeFiles
Searching for files in directory D:/hackathon/drivesense_edge/build/bootloader/esp-idf/esp_bootloader_format/CMakeFiles/__idf_esp_bootloader_format.dir
Searching for files in directory D:/hackathon/drivesense_edge/build/bootloader/esp-idf/esp_common
Searching for files in directory D:/hackathon/drivesense_edge/build/bootloader/esp-idf/esp_common/CMakeFiles
Searching for files in directory D:/hackathon/drivesense_edge/build/bootloader/esp-idf/esp_common/CMakeFiles/__idf_esp_common.dir
Searching for files in directory D:/hackathon/drivesense_edge/build/bootloader/esp-idf/esp_common/CMakeFiles/__idf_esp_common.dir/src
Searching for files in directory D:/hackathon/drivesense_edge/build/bootloader/esp-idf/esp_hw_support
Searching for files in directory D:/hackathon/drivesense_edge/build/bootloader/esp-idf/esp_hw_support/CMakeFiles
Searching for files in directory D:/hackathon/drivesense_edge/build/bootloader/esp-idf/esp_hw_support/CMakeFiles/__idf_esp_hw_support.dir
Searching for files in directory D:/hackathon/drivesense_edge/build/bootloader/esp-idf/esp_hw_support/CMakeFiles/__idf_esp_hw_support.dir/port
Searching for files in directory D:/hackathon/drivesense_edge/build/bootloader/esp-idf/esp_hw_support/CMakeFiles/__idf_esp_hw_support.dir/port/esp32c3
Searching for files in directory D:/hackathon/drivesense_edge/build/bootloader/esp-idf/esp_hw_support/lowpower
Searching for files in directory D:/hackathon/drivesense_edge/build/bootloader/esp-idf/esp_hw_support/lowpower/CMakeFiles
Searching for files in directory D:/hackathon/drivesense_edge/build/bootloader/esp-idf/esp_hw_support/port
Searching for files in directory D:/hackathon/drivesense_edge/build/bootloader/esp-idf/esp_hw_support/port/esp32c3
Searching for files in directory D:/hackathon/drivesense_edge/build/bootloader/esp-idf/esp_hw_support/port/esp32c3/CMakeFiles
Searching for files in directory D:/hackathon/drivesense_edge/build/bootloader/esp-idf/esp_rom
Searching for files in directory D:/hackathon/drivesense_edge/build/bootloader/esp-idf/esp_rom/CMakeFiles
Searching for files in directory D:/hackathon/drivesense_edge/build/bootloader/esp-idf/esp_rom/CMakeFiles/__idf_esp_rom.dir
Searching for files in directory D:/hackathon/drivesense_edge/build/bootloader/esp-idf/esp_rom/CMakeFiles/__idf_esp_rom.dir/patches
Searching for files in directory D:/hackathon/drivesense_edge/build/bootloader/esp-idf/esp_security
Searching for files in directory D:/hackathon/drivesense_edge/build/bootloader/esp-idf/esp_security/CMakeFiles
Searching for files in directory D:/hackathon/drivesense_edge/build/bootloader/esp-idf/esp_system
Searching for files in directory D:/hackathon/drivesense_edge/build/bootloader/esp-idf/esp_system/CMakeFiles
Searching for files in directory D:/hackathon/drivesense_edge/build/bootloader/esp-idf/esp_system/CMakeFiles/__idf_esp_system.dir
Searching for files in directory D:/hackathon/drivesense_edge/build/bootloader/esp-idf/freertos
Searching for files in directory D:/hackathon/drivesense_edge/build/bootloader/esp-idf/freertos/CMakeFiles
Searching for files in directory D:/hackathon/drivesense_edge/build/bootloader/esp-idf/hal
Searching for files in directory D:/hackathon/drivesense_edge/build/bootloader/esp-idf/hal/CMakeFiles
Searching for files in directory D:/hackathon/drivesense_edge/build/bootloader/esp-idf/hal/CMakeFiles/__idf_hal.dir
Searching for files in directory D:/hackathon/drivesense_edge/build/bootloader/esp-idf/hal/CMakeFiles/__idf_hal.dir/esp32c3
Searching for files in directory D:/hackathon/drivesense_edge/build/bootloader/esp-idf/log
Searching for files in directory D:/hackathon/drivesense_edge/build/bootloader/esp-idf/log/CMakeFiles
Searching for files in directory D:/hackathon/drivesense_edge/build/bootloader/esp-idf/log/CMakeFiles/__idf_log.dir
Searching for files in directory D:/hackathon/drivesense_edge/build/bootloader/esp-idf/log/CMakeFiles/__idf_log.dir/src
Searching for files in directory D:/hackathon/drivesense_edge/build/bootloader/esp-idf/log/CMakeFiles/__idf_log.dir/src/buffer
Searching for files in directory D:/hackathon/drivesense_edge/build/bootloader/esp-idf/log/CMakeFiles/__idf_log.dir/src/noos
Searching for files in directory D:/hackathon/drivesense_edge/build/bootloader/esp-idf/main
Searching for files in directory D:/hackathon/drivesense_edge/build/bootloader/esp-idf/main/CMakeFiles
Searching for files in directory D:/hackathon/drivesense_edge/build/bootloader/esp-idf/main/CMakeFiles/__idf_main.dir
Searching for files in directory D:/hackathon/drivesense_edge/build/bootloader/esp-idf/micro-ecc
Searching for files in directory D:/hackathon/drivesense_edge/build/bootloader/esp-idf/micro-ecc/CMakeFiles
Searching for files in directory D:/hackathon/drivesense_edge/build/bootloader/esp-idf/micro-ecc/CMakeFiles/__idf_micro-ecc.dir
Searching for files in directory D:/hackathon/drivesense_edge/build/bootloader/esp-idf/newlib
Searching for files in directory D:/hackathon/drivesense_edge/build/bootloader/esp-idf/newlib/CMakeFiles
Searching for files in directory D:/hackathon/drivesense_edge/build/bootloader/esp-idf/partition_table
Searching for files in directory D:/hackathon/drivesense_edge/build/bootloader/esp-idf/partition_table/CMakeFiles
Searching for files in directory D:/hackathon/drivesense_edge/build/bootloader/esp-idf/riscv
Searching for files in directory D:/hackathon/drivesense_edge/build/bootloader/esp-idf/riscv/CMakeFiles
Searching for files in directory D:/hackathon/drivesense_edge/build/bootloader/esp-idf/riscv/CMakeFiles/__idf_riscv.dir
Searching for files in directory D:/hackathon/drivesense_edge/build/bootloader/esp-idf/soc
Searching for files in directory D:/hackathon/drivesense_edge/build/bootloader/esp-idf/soc/CMakeFiles
Searching for files in directory D:/hackathon/drivesense_edge/build/bootloader/esp-idf/soc/CMakeFiles/__idf_soc.dir
Searching for files in directory D:/hackathon/drivesense_edge/build/bootloader/esp-idf/soc/CMakeFiles/__idf_soc.dir/esp32c3
Searching for files in directory D:/hackathon/drivesense_edge/build/bootloader/esp-idf/spi_flash
Searching for files in directory D:/hackathon/drivesense_edge/build/bootloader/esp-idf/spi_flash/CMakeFiles
Searching for files in directory D:/hackathon/drivesense_edge/build/bootloader/esp-idf/spi_flash/CMakeFiles/__idf_spi_flash.dir
Searching for files in directory D:/hackathon/drivesense_edge/build/bootloader/gdbinit
Searching for files in directory D:/hackathon/drivesense_edge/build/bootloader-prefix
Searching for files in directory D:/hackathon/drivesense_edge/build/bootloader-prefix/src
Searching for files in directory D:/hackathon/drivesense_edge/build/bootloader-prefix/src/bootloader-stamp
Searching for files in directory D:/hackathon/drivesense_edge/build/bootloader-prefix/tmp
Searching for files in directory D:/hackathon/drivesense_edge/build/CMakeFiles
Searching for files in directory D:/hackathon/drivesense_edge/build/CMakeFiles/3.30.2
Searching for files in directory D:/hackathon/drivesense_edge/build/CMakeFiles/3.30.2/CompilerIdASM
Searching for files in directory D:/hackathon/drivesense_edge/build/CMakeFiles/3.30.2/CompilerIdC
Searching for files in directory D:/hackathon/drivesense_edge/build/CMakeFiles/3.30.2/CompilerIdC/tmp
Searching for files in directory D:/hackathon/drivesense_edge/build/CMakeFiles/3.30.2/CompilerIdCXX
Searching for files in directory D:/hackathon/drivesense_edge/build/CMakeFiles/3.30.2/CompilerIdCXX/tmp
Searching for files in directory D:/hackathon/drivesense_edge/build/CMakeFiles/bootloader.dir
Searching for files in directory D:/hackathon/drivesense_edge/build/CMakeFiles/git-data
Searching for files in directory D:/hackathon/drivesense_edge/build/CMakeFiles/hw290_imu.elf.dir
Searching for files in directory D:/hackathon/drivesense_edge/build/CMakeFiles/pkgRedirects
Searching for files in directory D:/hackathon/drivesense_edge/build/config
Searching for files in directory D:/hackathon/drivesense_edge/build/esp-idf
Searching for files in directory D:/hackathon/drivesense_edge/build/esp-idf/app_update
Searching for files in directory D:/hackathon/drivesense_edge/build/esp-idf/app_update/CMakeFiles
Searching for files in directory D:/hackathon/drivesense_edge/build/esp-idf/app_update/CMakeFiles/__idf_app_update.dir
Searching for files in directory D:/hackathon/drivesense_edge/build/esp-idf/bootloader
Searching for files in directory D:/hackathon/drivesense_edge/build/esp-idf/bootloader/CMakeFiles
Searching for files in directory D:/hackathon/drivesense_edge/build/esp-idf/bootloader_support
Searching for files in directory D:/hackathon/drivesense_edge/build/esp-idf/bootloader_support/CMakeFiles
Searching for files in directory D:/hackathon/drivesense_edge/build/esp-idf/bootloader_support/CMakeFiles/__idf_bootloader_support.dir
Searching for files in directory D:/hackathon/drivesense_edge/build/esp-idf/bootloader_support/CMakeFiles/__idf_bootloader_support.dir/bootloader_flash
Searching for files in directory D:/hackathon/drivesense_edge/build/esp-idf/bootloader_support/CMakeFiles/__idf_bootloader_support.dir/bootloader_flash/src
Searching for files in directory D:/hackathon/drivesense_edge/build/esp-idf/bootloader_support/CMakeFiles/__idf_bootloader_support.dir/src
Searching for files in directory D:/hackathon/drivesense_edge/build/esp-idf/bootloader_support/CMakeFiles/__idf_bootloader_support.dir/src/esp32c3
Searching for files in directory D:/hackathon/drivesense_edge/build/esp-idf/CMakeFiles
Searching for files in directory D:/hackathon/drivesense_edge/build/esp-idf/cxx
Searching for files in directory D:/hackathon/drivesense_edge/build/esp-idf/cxx/CMakeFiles
Searching for files in directory D:/hackathon/drivesense_edge/build/esp-idf/cxx/CMakeFiles/__idf_cxx.dir
Searching for files in directory D:/hackathon/drivesense_edge/build/esp-idf/efuse
Searching for files in directory D:/hackathon/drivesense_edge/build/esp-idf/efuse/CMakeFiles
Searching for files in directory D:/hackathon/drivesense_edge/build/esp-idf/efuse/CMakeFiles/__idf_efuse.dir
Searching for files in directory D:/hackathon/drivesense_edge/build/esp-idf/efuse/CMakeFiles/__idf_efuse.dir/esp32c3
Searching for files in directory D:/hackathon/drivesense_edge/build/esp-idf/efuse/CMakeFiles/__idf_efuse.dir/src
Searching for files in directory D:/hackathon/drivesense_edge/build/esp-idf/efuse/CMakeFiles/__idf_efuse.dir/src/efuse_controller
Searching for files in directory D:/hackathon/drivesense_edge/build/esp-idf/efuse/CMakeFiles/__idf_efuse.dir/src/efuse_controller/keys
Searching for files in directory D:/hackathon/drivesense_edge/build/esp-idf/efuse/CMakeFiles/__idf_efuse.dir/src/efuse_controller/keys/with_key_purposes
Searching for files in directory D:/hackathon/drivesense_edge/build/esp-idf/esptool_py
Searching for files in directory D:/hackathon/drivesense_edge/build/esp-idf/esptool_py/CMakeFiles
Searching for files in directory D:/hackathon/drivesense_edge/build/esp-idf/esp_app_format
Searching for files in directory D:/hackathon/drivesense_edge/build/esp-idf/esp_app_format/CMakeFiles
Searching for files in directory D:/hackathon/drivesense_edge/build/esp-idf/esp_app_format/CMakeFiles/__idf_esp_app_format.dir
Searching for files in directory D:/hackathon/drivesense_edge/build/esp-idf/esp_bootloader_format
Searching for files in directory D:/hackathon/drivesense_edge/build/esp-idf/esp_bootloader_format/CMakeFiles
Searching for files in directory D:/hackathon/drivesense_edge/build/esp-idf/esp_bootloader_format/CMakeFiles/__idf_esp_bootloader_format.dir
Searching for files in directory D:/hackathon/drivesense_edge/build/esp-idf/esp_common
Searching for files in directory D:/hackathon/drivesense_edge/build/esp-idf/esp_common/CMakeFiles
Searching for files in directory D:/hackathon/drivesense_edge/build/esp-idf/esp_common/CMakeFiles/__idf_esp_common.dir
Searching for files in directory D:/hackathon/drivesense_edge/build/esp-idf/esp_common/CMakeFiles/__idf_esp_common.dir/src
Searching for files in directory D:/hackathon/drivesense_edge/build/esp-idf/esp_driver_gpio
Searching for files in directory D:/hackathon/drivesense_edge/build/esp-idf/esp_driver_gpio/CMakeFiles
Searching for files in directory D:/hackathon/drivesense_edge/build/esp-idf/esp_driver_gpio/CMakeFiles/__idf_esp_driver_gpio.dir
Searching for files in directory D:/hackathon/drivesense_edge/build/esp-idf/esp_driver_gpio/CMakeFiles/__idf_esp_driver_gpio.dir/src
Searching for files in directory D:/hackathon/drivesense_edge/build/esp-idf/esp_driver_i2c
Searching for files in directory D:/hackathon/drivesense_edge/build/esp-idf/esp_driver_i2c/CMakeFiles
Searching for files in directory D:/hackathon/drivesense_edge/build/esp-idf/esp_driver_i2c/CMakeFiles/__idf_esp_driver_i2c.dir
Searching for files in directory D:/hackathon/drivesense_edge/build/esp-idf/esp_hw_support
Searching for files in directory D:/hackathon/drivesense_edge/build/esp-idf/esp_hw_support/CMakeFiles
Searching for files in directory D:/hackathon/drivesense_edge/build/esp-idf/esp_hw_support/CMakeFiles/__idf_esp_hw_support.dir
Searching for files in directory D:/hackathon/drivesense_edge/build/esp-idf/esp_hw_support/CMakeFiles/__idf_esp_hw_support.dir/deprecated
Searching for files in directory D:/hackathon/drivesense_edge/build/esp-idf/esp_hw_support/CMakeFiles/__idf_esp_hw_support.dir/dma
Searching for files in directory D:/hackathon/drivesense_edge/build/esp-idf/esp_hw_support/CMakeFiles/__idf_esp_hw_support.dir/lowpower
Searching for files in directory D:/hackathon/drivesense_edge/build/esp-idf/esp_hw_support/CMakeFiles/__idf_esp_hw_support.dir/lowpower/port
Searching for files in directory D:/hackathon/drivesense_edge/build/esp-idf/esp_hw_support/CMakeFiles/__idf_esp_hw_support.dir/lowpower/port/esp32c3
Searching for files in directory D:/hackathon/drivesense_edge/build/esp-idf/esp_hw_support/CMakeFiles/__idf_esp_hw_support.dir/mspi_timing_tuning
Searching for files in directory D:/hackathon/drivesense_edge/build/esp-idf/esp_hw_support/CMakeFiles/__idf_esp_hw_support.dir/port
Searching for files in directory D:/hackathon/drivesense_edge/build/esp-idf/esp_hw_support/CMakeFiles/__idf_esp_hw_support.dir/port/esp32c3
Searching for files in directory D:/hackathon/drivesense_edge/build/esp-idf/esp_hw_support/CMakeFiles/__idf_esp_hw_support.dir/power_supply
Searching for files in directory D:/hackathon/drivesense_edge/build/esp-idf/esp_hw_support/lowpower
Searching for files in directory D:/hackathon/drivesense_edge/build/esp-idf/esp_hw_support/lowpower/CMakeFiles
Searching for files in directory D:/hackathon/drivesense_edge/build/esp-idf/esp_hw_support/port
Searching for files in directory D:/hackathon/drivesense_edge/build/esp-idf/esp_hw_support/port/esp32c3
Searching for files in directory D:/hackathon/drivesense_edge/build/esp-idf/esp_hw_support/port/esp32c3/CMakeFiles
Searching for files in directory D:/hackathon/drivesense_edge/build/esp-idf/esp_mm
Searching for files in directory D:/hackathon/drivesense_edge/build/esp-idf/esp_mm/CMakeFiles
Searching for files in directory D:/hackathon/drivesense_edge/build/esp-idf/esp_mm/CMakeFiles/__idf_esp_mm.dir
Searching for files in directory D:/hackathon/drivesense_edge/build/esp-idf/esp_mm/CMakeFiles/__idf_esp_mm.dir/port
Searching for files in directory D:/hackathon/drivesense_edge/build/esp-idf/esp_mm/CMakeFiles/__idf_esp_mm.dir/port/esp32c3
Searching for files in directory D:/hackathon/drivesense_edge/build/esp-idf/esp_partition
Searching for files in directory D:/hackathon/drivesense_edge/build/esp-idf/esp_partition/CMakeFiles
Searching for files in directory D:/hackathon/drivesense_edge/build/esp-idf/esp_partition/CMakeFiles/__idf_esp_partition.dir
Searching for files in directory D:/hackathon/drivesense_edge/build/esp-idf/esp_pm
Searching for files in directory D:/hackathon/drivesense_edge/build/esp-idf/esp_pm/CMakeFiles
Searching for files in directory D:/hackathon/drivesense_edge/build/esp-idf/esp_pm/CMakeFiles/__idf_esp_pm.dir
Searching for files in directory D:/hackathon/drivesense_edge/build/esp-idf/esp_ringbuf
Searching for files in directory D:/hackathon/drivesense_edge/build/esp-idf/esp_ringbuf/CMakeFiles
Searching for files in directory D:/hackathon/drivesense_edge/build/esp-idf/esp_ringbuf/CMakeFiles/__idf_esp_ringbuf.dir
Searching for files in directory D:/hackathon/drivesense_edge/build/esp-idf/esp_rom
Searching for files in directory D:/hackathon/drivesense_edge/build/esp-idf/esp_rom/CMakeFiles
Searching for files in directory D:/hackathon/drivesense_edge/build/esp-idf/esp_rom/CMakeFiles/__idf_esp_rom.dir
Searching for files in directory D:/hackathon/drivesense_edge/build/esp-idf/esp_rom/CMakeFiles/__idf_esp_rom.dir/patches
Searching for files in directory D:/hackathon/drivesense_edge/build/esp-idf/esp_security
Searching for files in directory D:/hackathon/drivesense_edge/build/esp-idf/esp_security/CMakeFiles
Searching for files in directory D:/hackathon/drivesense_edge/build/esp-idf/esp_security/CMakeFiles/__idf_esp_security.dir
Searching for files in directory D:/hackathon/drivesense_edge/build/esp-idf/esp_security/CMakeFiles/__idf_esp_security.dir/src
Searching for files in directory D:/hackathon/drivesense_edge/build/esp-idf/esp_system
Searching for files in directory D:/hackathon/drivesense_edge/build/esp-idf/esp_system/CMakeFiles
Searching for files in directory D:/hackathon/drivesense_edge/build/esp-idf/esp_system/CMakeFiles/__idf_esp_system.dir
Searching for files in directory D:/hackathon/drivesense_edge/build/esp-idf/esp_system/CMakeFiles/__idf_esp_system.dir/port
Searching for files in directory D:/hackathon/drivesense_edge/build/esp-idf/esp_system/CMakeFiles/__idf_esp_system.dir/port/arch
Searching for files in directory D:/hackathon/drivesense_edge/build/esp-idf/esp_system/CMakeFiles/__idf_esp_system.dir/port/arch/riscv
Searching for files in directory D:/hackathon/drivesense_edge/build/esp-idf/esp_system/CMakeFiles/__idf_esp_system.dir/port/soc
Searching for files in directory D:/hackathon/drivesense_edge/build/esp-idf/esp_system/CMakeFiles/__idf_esp_system.dir/port/soc/esp32c3
Searching for files in directory D:/hackathon/drivesense_edge/build/esp-idf/esp_system/CMakeFiles/__idf_esp_system.dir/task_wdt
Searching for files in directory D:/hackathon/drivesense_edge/build/esp-idf/esp_system/ld
Searching for files in directory D:/hackathon/drivesense_edge/build/esp-idf/esp_system/port
Searching for files in directory D:/hackathon/drivesense_edge/build/esp-idf/esp_system/port/CMakeFiles
Searching for files in directory D:/hackathon/drivesense_edge/build/esp-idf/esp_system/port/soc
Searching for files in directory D:/hackathon/drivesense_edge/build/esp-idf/esp_system/port/soc/esp32c3
Searching for files in directory D:/hackathon/drivesense_edge/build/esp-idf/esp_system/port/soc/esp32c3/CMakeFiles
Searching for files in directory D:/hackathon/drivesense_edge/build/esp-idf/esp_timer
Searching for files in directory D:/hackathon/drivesense_edge/build/esp-idf/esp_timer/CMakeFiles
Searching for files in directory D:/hackathon/drivesense_edge/build/esp-idf/esp_timer/CMakeFiles/__idf_esp_timer.dir
Searching for files in directory D:/hackathon/drivesense_edge/build/esp-idf/esp_timer/CMakeFiles/__idf_esp_timer.dir/src
Searching for files in directory D:/hackathon/drivesense_edge/build/esp-idf/firmgen_telemetry
Searching for files in directory D:/hackathon/drivesense_edge/build/esp-idf/firmgen_telemetry/CMakeFiles
Searching for files in directory D:/hackathon/drivesense_edge/build/esp-idf/firmgen_telemetry/CMakeFiles/__idf_firmgen_telemetry.dir
Searching for files in directory D:/hackathon/drivesense_edge/build/esp-idf/freertos
Searching for files in directory D:/hackathon/drivesense_edge/build/esp-idf/freertos/CMakeFiles
Searching for files in directory D:/hackathon/drivesense_edge/build/esp-idf/freertos/CMakeFiles/__idf_freertos.dir
Searching for files in directory D:/hackathon/drivesense_edge/build/esp-idf/freertos/CMakeFiles/__idf_freertos.dir/esp_additions
Searching for files in directory D:/hackathon/drivesense_edge/build/esp-idf/freertos/CMakeFiles/__idf_freertos.dir/FreeRTOS-Kernel
Searching for files in directory D:/hackathon/drivesense_edge/build/esp-idf/freertos/CMakeFiles/__idf_freertos.dir/FreeRTOS-Kernel/portable
Searching for files in directory D:/hackathon/drivesense_edge/build/esp-idf/freertos/CMakeFiles/__idf_freertos.dir/FreeRTOS-Kernel/portable/riscv
Searching for files in directory D:/hackathon/drivesense_edge/build/esp-idf/hal
Searching for files in directory D:/hackathon/drivesense_edge/build/esp-idf/hal/CMakeFiles
Searching for files in directory D:/hackathon/drivesense_edge/build/esp-idf/hal/CMakeFiles/__idf_hal.dir
Searching for files in directory D:/hackathon/drivesense_edge/build/esp-idf/hal/CMakeFiles/__idf_hal.dir/esp32c3
Searching for files in directory D:/hackathon/drivesense_edge/build/esp-idf/heap
Searching for files in directory D:/hackathon/drivesense_edge/build/esp-idf/heap/CMakeFiles
Searching for files in directory D:/hackathon/drivesense_edge/build/esp-idf/heap/CMakeFiles/__idf_heap.dir
Searching for files in directory D:/hackathon/drivesense_edge/build/esp-idf/heap/CMakeFiles/__idf_heap.dir/port
Searching for files in directory D:/hackathon/drivesense_edge/build/esp-idf/heap/CMakeFiles/__idf_heap.dir/port/esp32c3
Searching for files in directory D:/hackathon/drivesense_edge/build/esp-idf/heap/CMakeFiles/__idf_heap.dir/tlsf
Searching for files in directory D:/hackathon/drivesense_edge/build/esp-idf/log
Searching for files in directory D:/hackathon/drivesense_edge/build/esp-idf/log/CMakeFiles
Searching for files in directory D:/hackathon/drivesense_edge/build/esp-idf/log/CMakeFiles/__idf_log.dir
Searching for files in directory D:/hackathon/drivesense_edge/build/esp-idf/log/CMakeFiles/__idf_log.dir/src
Searching for files in directory D:/hackathon/drivesense_edge/build/esp-idf/log/CMakeFiles/__idf_log.dir/src/buffer
Searching for files in directory D:/hackathon/drivesense_edge/build/esp-idf/log/CMakeFiles/__idf_log.dir/src/log_level
Searching for files in directory D:/hackathon/drivesense_edge/build/esp-idf/log/CMakeFiles/__idf_log.dir/src/log_level/tag_log_level
Searching for files in directory D:/hackathon/drivesense_edge/build/esp-idf/log/CMakeFiles/__idf_log.dir/src/log_level/tag_log_level/cache
Searching for files in directory D:/hackathon/drivesense_edge/build/esp-idf/log/CMakeFiles/__idf_log.dir/src/log_level/tag_log_level/linked_list
Searching for files in directory D:/hackathon/drivesense_edge/build/esp-idf/log/CMakeFiles/__idf_log.dir/src/os
Searching for files in directory D:/hackathon/drivesense_edge/build/esp-idf/main
Searching for files in directory D:/hackathon/drivesense_edge/build/esp-idf/main/CMakeFiles
Searching for files in directory D:/hackathon/drivesense_edge/build/esp-idf/main/CMakeFiles/__idf_main.dir
Searching for files in directory D:/hackathon/drivesense_edge/build/esp-idf/main/CMakeFiles/__idf_main.dir/__
Searching for files in directory D:/hackathon/drivesense_edge/build/esp-idf/main/CMakeFiles/__idf_main.dir/__/firmware
Searching for files in directory D:/hackathon/drivesense_edge/build/esp-idf/main/CMakeFiles/__idf_main.dir/__/firmware/app
Searching for files in directory D:/hackathon/drivesense_edge/build/esp-idf/main/CMakeFiles/__idf_main.dir/__/firmware/platforms
Searching for files in directory D:/hackathon/drivesense_edge/build/esp-idf/main/CMakeFiles/__idf_main.dir/__/firmware/platforms/esp32
Searching for files in directory D:/hackathon/drivesense_edge/build/esp-idf/mbedtls
Searching for files in directory D:/hackathon/drivesense_edge/build/esp-idf/mbedtls/CMakeFiles
Searching for files in directory D:/hackathon/drivesense_edge/build/esp-idf/mbedtls/CMakeFiles/__idf_mbedtls.dir
Searching for files in directory D:/hackathon/drivesense_edge/build/esp-idf/mbedtls/CMakeFiles/__idf_mbedtls.dir/esp_crt_bundle
Searching for files in directory D:/hackathon/drivesense_edge/build/esp-idf/mbedtls/CMakeFiles/__idf_mbedtls.dir/__
Searching for files in directory D:/hackathon/drivesense_edge/build/esp-idf/mbedtls/CMakeFiles/__idf_mbedtls.dir/__/__
Searching for files in directory D:/hackathon/drivesense_edge/build/esp-idf/mbedtls/mbedtls
Searching for files in directory D:/hackathon/drivesense_edge/build/esp-idf/mbedtls/mbedtls/3rdparty
Searching for files in directory D:/hackathon/drivesense_edge/build/esp-idf/mbedtls/mbedtls/3rdparty/CMakeFiles
Searching for files in directory D:/hackathon/drivesense_edge/build/esp-idf/mbedtls/mbedtls/3rdparty/everest
Searching for files in directory D:/hackathon/drivesense_edge/build/esp-idf/mbedtls/mbedtls/3rdparty/everest/CMakeFiles
Searching for files in directory D:/hackathon/drivesense_edge/build/esp-idf/mbedtls/mbedtls/3rdparty/everest/CMakeFiles/everest.dir
Searching for files in directory D:/hackathon/drivesense_edge/build/esp-idf/mbedtls/mbedtls/3rdparty/everest/CMakeFiles/everest.dir/library
Searching for files in directory D:/hackathon/drivesense_edge/build/esp-idf/mbedtls/mbedtls/3rdparty/p256-m
Searching for files in directory D:/hackathon/drivesense_edge/build/esp-idf/mbedtls/mbedtls/3rdparty/p256-m/CMakeFiles
Searching for files in directory D:/hackathon/drivesense_edge/build/esp-idf/mbedtls/mbedtls/3rdparty/p256-m/CMakeFiles/p256m.dir
Searching for files in directory D:/hackathon/drivesense_edge/build/esp-idf/mbedtls/mbedtls/3rdparty/p256-m/CMakeFiles/p256m.dir/p256-m
Searching for files in directory D:/hackathon/drivesense_edge/build/esp-idf/mbedtls/mbedtls/CMakeFiles
Searching for files in directory D:/hackathon/drivesense_edge/build/esp-idf/mbedtls/mbedtls/include
Searching for files in directory D:/hackathon/drivesense_edge/build/esp-idf/mbedtls/mbedtls/include/CMakeFiles
Searching for files in directory D:/hackathon/drivesense_edge/build/esp-idf/mbedtls/mbedtls/library
Searching for files in directory D:/hackathon/drivesense_edge/build/esp-idf/mbedtls/mbedtls/library/CMakeFiles
Searching for files in directory D:/hackathon/drivesense_edge/build/esp-idf/mbedtls/mbedtls/library/CMakeFiles/mbedcrypto.dir
Searching for files in directory D:/hackathon/drivesense_edge/build/esp-idf/mbedtls/mbedtls/library/CMakeFiles/mbedcrypto.dir/C_
Searching for files in directory D:/hackathon/drivesense_edge/build/esp-idf/mbedtls/mbedtls/library/CMakeFiles/mbedcrypto.dir/C_/Espressif
Searching for files in directory D:/hackathon/drivesense_edge/build/esp-idf/mbedtls/mbedtls/library/CMakeFiles/mbedcrypto.dir/C_/Espressif/esp-idf-release-v5.5
Searching for files in directory D:/hackathon/drivesense_edge/build/esp-idf/mbedtls/mbedtls/library/CMakeFiles/mbedcrypto.dir/C_/Espressif/esp-idf-release-v5.5/components
Searching for files in directory D:/hackathon/drivesense_edge/build/esp-idf/mbedtls/mbedtls/library/CMakeFiles/mbedcrypto.dir/C_/Espressif/esp-idf-release-v5.5/components/mbedtls
Searching for files in directory D:/hackathon/drivesense_edge/build/esp-idf/mbedtls/mbedtls/library/CMakeFiles/mbedcrypto.dir/C_/Espressif/esp-idf-release-v5.5/components/mbedtls/port
Searching for files in directory D:/hackathon/drivesense_edge/build/esp-idf/mbedtls/mbedtls/library/CMakeFiles/mbedcrypto.dir/C_/Espressif/esp-idf-release-v5.5/components/mbedtls/port/aes
Searching for files in directory D:/hackathon/drivesense_edge/build/esp-idf/mbedtls/mbedtls/library/CMakeFiles/mbedcrypto.dir/C_/Espressif/esp-idf-release-v5.5/components/mbedtls/port/aes/dma
Searching for files in directory D:/hackathon/drivesense_edge/build/esp-idf/mbedtls/mbedtls/library/CMakeFiles/mbedcrypto.dir/C_/Espressif/esp-idf-release-v5.5/components/mbedtls/port/bignum
Searching for files in directory D:/hackathon/drivesense_edge/build/esp-idf/mbedtls/mbedtls/library/CMakeFiles/mbedcrypto.dir/C_/Espressif/esp-idf-release-v5.5/components/mbedtls/port/crypto_shared_gdma
Searching for files in directory D:/hackathon/drivesense_edge/build/esp-idf/mbedtls/mbedtls/library/CMakeFiles/mbedcrypto.dir/C_/Espressif/esp-idf-release-v5.5/components/mbedtls/port/md
Searching for files in directory D:/hackathon/drivesense_edge/build/esp-idf/mbedtls/mbedtls/library/CMakeFiles/mbedcrypto.dir/C_/Espressif/esp-idf-release-v5.5/components/mbedtls/port/sha
Searching for files in directory D:/hackathon/drivesense_edge/build/esp-idf/mbedtls/mbedtls/library/CMakeFiles/mbedcrypto.dir/C_/Espressif/esp-idf-release-v5.5/components/mbedtls/port/sha/core
Searching for files in directory D:/hackathon/drivesense_edge/build/esp-idf/mbedtls/mbedtls/library/CMakeFiles/mbedtls.dir
Searching for files in directory D:/hackathon/drivesense_edge/build/esp-idf/mbedtls/mbedtls/library/CMakeFiles/mbedtls.dir/C_
Searching for files in directory D:/hackathon/drivesense_edge/build/esp-idf/mbedtls/mbedtls/library/CMakeFiles/mbedtls.dir/C_/Espressif
Searching for files in directory D:/hackathon/drivesense_edge/build/esp-idf/mbedtls/mbedtls/library/CMakeFiles/mbedtls.dir/C_/Espressif/esp-idf-release-v5.5
Searching for files in directory D:/hackathon/drivesense_edge/build/esp-idf/mbedtls/mbedtls/library/CMakeFiles/mbedtls.dir/C_/Espressif/esp-idf-release-v5.5/components
Searching for files in directory D:/hackathon/drivesense_edge/build/esp-idf/mbedtls/mbedtls/library/CMakeFiles/mbedtls.dir/C_/Espressif/esp-idf-release-v5.5/components/mbedtls
Searching for files in directory D:/hackathon/drivesense_edge/build/esp-idf/mbedtls/mbedtls/library/CMakeFiles/mbedtls.dir/C_/Espressif/esp-idf-release-v5.5/components/mbedtls/port
Searching for files in directory D:/hackathon/drivesense_edge/build/esp-idf/mbedtls/mbedtls/library/CMakeFiles/mbedx509.dir
Searching for files in directory D:/hackathon/drivesense_edge/build/esp-idf/mbedtls/mbedtls/pkgconfig
Searching for files in directory D:/hackathon/drivesense_edge/build/esp-idf/mbedtls/mbedtls/pkgconfig/CMakeFiles
Searching for files in directory D:/hackathon/drivesense_edge/build/esp-idf/newlib
Searching for files in directory D:/hackathon/drivesense_edge/build/esp-idf/newlib/CMakeFiles
Searching for files in directory D:/hackathon/drivesense_edge/build/esp-idf/newlib/CMakeFiles/__idf_newlib.dir
Searching for files in directory D:/hackathon/drivesense_edge/build/esp-idf/newlib/CMakeFiles/__idf_newlib.dir/src
Searching for files in directory D:/hackathon/drivesense_edge/build/esp-idf/newlib/CMakeFiles/__idf_newlib.dir/src/port
Searching for files in directory D:/hackathon/drivesense_edge/build/esp-idf/newlib/src
Searching for files in directory D:/hackathon/drivesense_edge/build/esp-idf/newlib/src/port
Searching for files in directory D:/hackathon/drivesense_edge/build/esp-idf/newlib/src/port/CMakeFiles
Searching for files in directory D:/hackathon/drivesense_edge/build/esp-idf/partition_table
Searching for files in directory D:/hackathon/drivesense_edge/build/esp-idf/partition_table/CMakeFiles
Searching for files in directory D:/hackathon/drivesense_edge/build/esp-idf/pthread
Searching for files in directory D:/hackathon/drivesense_edge/build/esp-idf/pthread/CMakeFiles
Searching for files in directory D:/hackathon/drivesense_edge/build/esp-idf/pthread/CMakeFiles/__idf_pthread.dir
Searching for files in directory D:/hackathon/drivesense_edge/build/esp-idf/riscv
Searching for files in directory D:/hackathon/drivesense_edge/build/esp-idf/riscv/CMakeFiles
Searching for files in directory D:/hackathon/drivesense_edge/build/esp-idf/riscv/CMakeFiles/__idf_riscv.dir
Searching for files in directory D:/hackathon/drivesense_edge/build/esp-idf/soc
Searching for files in directory D:/hackathon/drivesense_edge/build/esp-idf/soc/CMakeFiles
Searching for files in directory D:/hackathon/drivesense_edge/build/esp-idf/soc/CMakeFiles/__idf_soc.dir
Searching for files in directory D:/hackathon/drivesense_edge/build/esp-idf/soc/CMakeFiles/__idf_soc.dir/esp32c3
Searching for files in directory D:/hackathon/drivesense_edge/build/esp-idf/spi_flash
Searching for files in directory D:/hackathon/drivesense_edge/build/esp-idf/spi_flash/CMakeFiles
Searching for files in directory D:/hackathon/drivesense_edge/build/esp-idf/spi_flash/CMakeFiles/__idf_spi_flash.dir
Searching for files in directory D:/hackathon/drivesense_edge/build/gdbinit
Searching for files in directory D:/hackathon/drivesense_edge/build/log
Searching for files in directory D:/hackathon/drivesense_edge/build/partition_table
Searching for files in directory D:/hackathon/drivesense_edge/components
Searching for files in directory D:/hackathon/drivesense_edge/components/firmgen_telemetry
Searching for files in directory D:/hackathon/drivesense_edge/components/firmgen_telemetry/include
Searching for files in directory D:/hackathon/drivesense_edge/firmware
Searching for files in directory D:/hackathon/drivesense_edge/firmware/app
Searching for files in directory D:/hackathon/drivesense_edge/firmware/configs
Searching for files in directory D:/hackathon/drivesense_edge/firmware/docs
Searching for files in directory D:/hackathon/drivesense_edge/firmware/docs/api
Searching for files in directory D:/hackathon/drivesense_edge/firmware/docs/api/html
Searching for files in directory D:/hackathon/drivesense_edge/firmware/interfaces
Searching for files in directory D:/hackathon/drivesense_edge/firmware/platforms
Searching for files in directory D:/hackathon/drivesense_edge/firmware/platforms/esp32
Searching for files in directory D:/hackathon/drivesense_edge/main
Searching for files in directory D:/hackathon/drivesense_edge/sources
Searching for dot files...
Searching for msc files...
Searching for dia files...
Searching for plantuml files...
Searching for files to exclude
Searching for files in directory D:/hackathon/drivesense_edge/firmware/docs/api
Searching for files in directory D:/hackathon/drivesense_edge/firmware/docs/api/html
Searching for files in directory D:/hackathon/drivesense_edge/build
Searching for files in directory D:/hackathon/drivesense_edge/build/bootloader
Searching for files in directory D:/hackathon/drivesense_edge/build/bootloader/CMakeFiles
Searching for files in directory D:/hackathon/drivesense_edge/build/bootloader/CMakeFiles/3.30.2
Searching for files in directory D:/hackathon/drivesense_edge/build/bootloader/CMakeFiles/3.30.2/CompilerIdASM
Searching for files in directory D:/hackathon/drivesense_edge/build/bootloader/CMakeFiles/3.30.2/CompilerIdC
Searching for files in directory D:/hackathon/drivesense_edge/build/bootloader/CMakeFiles/3.30.2/CompilerIdC/tmp
Searching for files in directory D:/hackathon/drivesense_edge/build/bootloader/CMakeFiles/3.30.2/CompilerIdCXX
Searching for files in directory D:/hackathon/drivesense_edge/build/bootloader/CMakeFiles/3.30.2/CompilerIdCXX/tmp
Searching for files in directory D:/hackathon/drivesense_edge/build/bootloader/CMakeFiles/bootloader.elf.dir
Searching for files in directory D:/hackathon/drivesense_edge/build/bootloader/CMakeFiles/CMakeScratch
Searching for files in directory D:/hackathon/drivesense_edge/build/bootloader/CMakeFiles/pkgRedirects
Searching for files in directory D:/hackathon/drivesense_edge/build/bootloader/config
Searching for files in directory D:/hackathon/drivesense_edge/build/bootloader/esp-idf
Searching for files in directory D:/hackathon/drivesense_edge/build/bootloader/esp-idf/bootloader
Searching for files in directory D:/hackathon/drivesense_edge/build/bootloader/esp-idf/bootloader/CMakeFiles
Searching for files in directory D:/hackathon/drivesense_edge/build/bootloader/esp-idf/bootloader_support
Searching for files in directory D:/hackathon/drivesense_edge/build/bootloader/esp-idf/bootloader_support/CMakeFiles
Searching for files in directory D:/hackathon/drivesense_edge/build/bootloader/esp-idf/bootloader_support/CMakeFiles/__idf_bootloader_support.dir
Searching for files in directory D:/hackathon/drivesense_edge/build/bootloader/esp-idf/bootloader_support/CMakeFiles/__idf_bootloader_support.dir/bootloader_flash
Searching for files in directory D:/hackathon/drivesense_edge/build/bootloader/esp-idf/bootloader_support/CMakeFiles/__idf_bootloader_support.dir/bootloader_flash/src
Searching for files in directory D:/hackathon/drivesense_edge/build/bootloader/esp-idf/bootloader_support/CMakeFiles/__idf_bootloader_support.dir/src
Searching for files in directory D:/hackathon/drivesense_edge/build/bootloader/esp-idf/bootloader_support/CMakeFiles/__idf_bootloader_support.dir/src/esp32c3
Searching for files in directory D:/hackathon/drivesense_edge/build/bootloader/esp-idf/CMakeFiles
Searching for files in directory D:/hackathon/drivesense_edge/build/bootloader/esp-idf/efuse
Searching for files in directory D:/hackathon/drivesense_edge/build/bootloader/esp-idf/efuse/CMakeFiles
Searching for files in directory D:/hackathon/drivesense_edge/build/bootloader/esp-idf/efuse/CMakeFiles/__idf_efuse.dir
Searching for files in directory D:/hackathon/drivesense_edge/build/bootloader/esp-idf/efuse/CMakeFiles/__idf_efuse.dir/esp32c3
Searching for files in directory D:/hackathon/drivesense_edge/build/bootloader/esp-idf/efuse/CMakeFiles/__idf_efuse.dir/src
Searching for files in directory D:/hackathon/drivesense_edge/build/bootloader/esp-idf/efuse/CMakeFiles/__idf_efuse.dir/src/efuse_controller
Searching for files in directory D:/hackathon/drivesense_edge/build/bootloader/esp-idf/efuse/CMakeFiles/__idf_efuse.dir/src/efuse_controller/keys
Searching for files in directory D:/hackathon/drivesense_edge/build/bootloader/esp-idf/efuse/CMakeFiles/__idf_efuse.dir/src/efuse_controller/keys/with_key_purposes
Searching for files in directory D:/hackathon/drivesense_edge/build/bootloader/esp-idf/esptool_py
Searching for files in directory D:/hackathon/drivesense_edge/build/bootloader/esp-idf/esptool_py/CMakeFiles
Searching for files in directory D:/hackathon/drivesense_edge/build/bootloader/esp-idf/esp_app_format
Searching for files in directory D:/hackathon/drivesense_edge/build/bootloader/esp-idf/esp_app_format/CMakeFiles
Searching for files in directory D:/hackathon/drivesense_edge/build/bootloader/esp-idf/esp_bootloader_format
Searching for files in directory D:/hackathon/drivesense_edge/build/bootloader/esp-idf/esp_bootloader_format/CMakeFiles
Searching for files in directory D:/hackathon/drivesense_edge/build/bootloader/esp-idf/esp_bootloader_format/CMakeFiles/__idf_esp_bootloader_format.dir
Searching for files in directory D:/hackathon/drivesense_edge/build/bootloader/esp-idf/esp_common
Searching for files in directory D:/hackathon/drivesense_edge/build/bootloader/esp-idf/esp_common/CMakeFiles
Searching for files in directory D:/hackathon/drivesense_edge/build/bootloader/esp-idf/esp_common/CMakeFiles/__idf_esp_common.dir
Searching for files in directory D:/hackathon/drivesense_edge/build/bootloader/esp-idf/esp_common/CMakeFiles/__idf_esp_common.dir/src
Searching for files in directory D:/hackathon/drivesense_edge/build/bootloader/esp-idf/esp_hw_support
Searching for files in directory D:/hackathon/drivesense_edge/build/bootloader/esp-idf/esp_hw_support/CMakeFiles
Searching for files in directory D:/hackathon/drivesense_edge/build/bootloader/esp-idf/esp_hw_support/CMakeFiles/__idf_esp_hw_support.dir
Searching for files in directory D:/hackathon/drivesense_edge/build/bootloader/esp-idf/esp_hw_support/CMakeFiles/__idf_esp_hw_support.dir/port
Searching for files in directory D:/hackathon/drivesense_edge/build/bootloader/esp-idf/esp_hw_support/CMakeFiles/__idf_esp_hw_support.dir/port/esp32c3
Searching for files in directory D:/hackathon/drivesense_edge/build/bootloader/esp-idf/esp_hw_support/lowpower
Searching for files in directory D:/hackathon/drivesense_edge/build/bootloader/esp-idf/esp_hw_support/lowpower/CMakeFiles
Searching for files in directory D:/hackathon/drivesense_edge/build/bootloader/esp-idf/esp_hw_support/port
Searching for files in directory D:/hackathon/drivesense_edge/build/bootloader/esp-idf/esp_hw_support/port/esp32c3
Searching for files in directory D:/hackathon/drivesense_edge/build/bootloader/esp-idf/esp_hw_support/port/esp32c3/CMakeFiles
Searching for files in directory D:/hackathon/drivesense_edge/build/bootloader/esp-idf/esp_rom
Searching for files in directory D:/hackathon/drivesense_edge/build/bootloader/esp-idf/esp_rom/CMakeFiles
Searching for files in directory D:/hackathon/drivesense_edge/build/bootloader/esp-idf/esp_rom/CMakeFiles/__idf_esp_rom.dir
Searching for files in directory D:/hackathon/drivesense_edge/build/bootloader/esp-idf/esp_rom/CMakeFiles/__idf_esp_rom.dir/patches
Searching for files in directory D:/hackathon/drivesense_edge/build/bootloader/esp-idf/esp_security
Searching for files in directory D:/hackathon/drivesense_edge/build/bootloader/esp-idf/esp_security/CMakeFiles
Searching for files in directory D:/hackathon/drivesense_edge/build/bootloader/esp-idf/esp_system
Searching for files in directory D:/hackathon/drivesense_edge/build/bootloader/esp-idf/esp_system/CMakeFiles
Searching for files in directory D:/hackathon/drivesense_edge/build/bootloader/esp-idf/esp_system/CMakeFiles/__idf_esp_system.dir
Searching for files in directory D:/hackathon/drivesense_edge/build/bootloader/esp-idf/freertos
Searching for files in directory D:/hackathon/drivesense_edge/build/bootloader/esp-idf/freertos/CMakeFiles
Searching for files in directory D:/hackathon/drivesense_edge/build/bootloader/esp-idf/hal
Searching for files in directory D:/hackathon/drivesense_edge/build/bootloader/esp-idf/hal/CMakeFiles
Searching for files in directory D:/hackathon/drivesense_edge/build/bootloader/esp-idf/hal/CMakeFiles/__idf_hal.dir
Searching for files in directory D:/hackathon/drivesense_edge/build/bootloader/esp-idf/hal/CMakeFiles/__idf_hal.dir/esp32c3
Searching for files in directory D:/hackathon/drivesense_edge/build/bootloader/esp-idf/log
Searching for files in directory D:/hackathon/drivesense_edge/build/bootloader/esp-idf/log/CMakeFiles
Searching for files in directory D:/hackathon/drivesense_edge/build/bootloader/esp-idf/log/CMakeFiles/__idf_log.dir
Searching for files in directory D:/hackathon/drivesense_edge/build/bootloader/esp-idf/log/CMakeFiles/__idf_log.dir/src
Searching for files in directory D:/hackathon/drivesense_edge/build/bootloader/esp-idf/log/CMakeFiles/__idf_log.dir/src/buffer
Searching for files in directory D:/hackathon/drivesense_edge/build/bootloader/esp-idf/log/CMakeFiles/__idf_log.dir/src/noos
Searching for files in directory D:/hackathon/drivesense_edge/build/bootloader/esp-idf/main
Searching for files in directory D:/hackathon/drivesense_edge/build/bootloader/esp-idf/main/CMakeFiles
Searching for files in directory D:/hackathon/drivesense_edge/build/bootloader/esp-idf/main/CMakeFiles/__idf_main.dir
Searching for files in directory D:/hackathon/drivesense_edge/build/bootloader/esp-idf/micro-ecc
Searching for files in directory D:/hackathon/drivesense_edge/build/bootloader/esp-idf/micro-ecc/CMakeFiles
Searching for files in directory D:/hackathon/drivesense_edge/build/bootloader/esp-idf/micro-ecc/CMakeFiles/__idf_micro-ecc.dir
Searching for files in directory D:/hackathon/drivesense_edge/build/bootloader/esp-idf/newlib
Searching for files in directory D:/hackathon/drivesense_edge/build/bootloader/esp-idf/newlib/CMakeFiles
Searching for files in directory D:/hackathon/drivesense_edge/build/bootloader/esp-idf/partition_table
Searching for files in directory D:/hackathon/drivesense_edge/build/bootloader/esp-idf/partition_table/CMakeFiles
Searching for files in directory D:/hackathon/drivesense_edge/build/bootloader/esp-idf/riscv
Searching for files in directory D:/hackathon/drivesense_edge/build/bootloader/esp-idf/riscv/CMakeFiles
Searching for files in directory D:/hackathon/drivesense_edge/build/bootloader/esp-idf/riscv/CMakeFiles/__idf_riscv.dir
Searching for files in directory D:/hackathon/drivesense_edge/build/bootloader/esp-idf/soc
Searching for files in directory D:/hackathon/drivesense_edge/build/bootloader/esp-idf/soc/CMakeFiles
Searching for files in directory D:/hackathon/drivesense_edge/build/bootloader/esp-idf/soc/CMakeFiles/__idf_soc.dir
Searching for files in directory D:/hackathon/drivesense_edge/build/bootloader/esp-idf/soc/CMakeFiles/__idf_soc.dir/esp32c3
Searching for files in directory D:/hackathon/drivesense_edge/build/bootloader/esp-idf/spi_flash
Searching for files in directory D:/hackathon/drivesense_edge/build/bootloader/esp-idf/spi_flash/CMakeFiles
Searching for files in directory D:/hackathon/drivesense_edge/build/bootloader/esp-idf/spi_flash/CMakeFiles/__idf_spi_flash.dir
Searching for files in directory D:/hackathon/drivesense_edge/build/bootloader/gdbinit
Searching for files in directory D:/hackathon/drivesense_edge/build/bootloader-prefix
Searching for files in directory D:/hackathon/drivesense_edge/build/bootloader-prefix/src
Searching for files in directory D:/hackathon/drivesense_edge/build/bootloader-prefix/src/bootloader-stamp
Searching for files in directory D:/hackathon/drivesense_edge/build/bootloader-prefix/tmp
Searching for files in directory D:/hackathon/drivesense_edge/build/CMakeFiles
Searching for files in directory D:/hackathon/drivesense_edge/build/CMakeFiles/3.30.2
Searching for files in directory D:/hackathon/drivesense_edge/build/CMakeFiles/3.30.2/CompilerIdASM
Searching for files in directory D:/hackathon/drivesense_edge/build/CMakeFiles/3.30.2/CompilerIdC
Searching for files in directory D:/hackathon/drivesense_edge/build/CMakeFiles/3.30.2/CompilerIdC/tmp
Searching for files in directory D:/hackathon/drivesense_edge/build/CMakeFiles/3.30.2/CompilerIdCXX
Searching for files in directory D:/hackathon/drivesense_edge/build/CMakeFiles/3.30.2/CompilerIdCXX/tmp
Searching for files in directory D:/hackathon/drivesense_edge/build/CMakeFiles/bootloader.dir
Searching for files in directory D:/hackathon/drivesense_edge/build/CMakeFiles/git-data
Searching for files in directory D:/hackathon/drivesense_edge/build/CMakeFiles/hw290_imu.elf.dir
Searching for files in directory D:/hackathon/drivesense_edge/build/CMakeFiles/pkgRedirects
Searching for files in directory D:/hackathon/drivesense_edge/build/config
Searching for files in directory D:/hackathon/drivesense_edge/build/esp-idf
Searching for files in directory D:/hackathon/drivesense_edge/build/esp-idf/app_update
Searching for files in directory D:/hackathon/drivesense_edge/build/esp-idf/app_update/CMakeFiles
Searching for files in directory D:/hackathon/drivesense_edge/build/esp-idf/app_update/CMakeFiles/__idf_app_update.dir
Searching for files in directory D:/hackathon/drivesense_edge/build/esp-idf/bootloader
Searching for files in directory D:/hackathon/drivesense_edge/build/esp-idf/bootloader/CMakeFiles
Searching for files in directory D:/hackathon/drivesense_edge/build/esp-idf/bootloader_support
Searching for files in directory D:/hackathon/drivesense_edge/build/esp-idf/bootloader_support/CMakeFiles
Searching for files in directory D:/hackathon/drivesense_edge/build/esp-idf/bootloader_support/CMakeFiles/__idf_bootloader_support.dir
Searching for files in directory D:/hackathon/drivesense_edge/build/esp-idf/bootloader_support/CMakeFiles/__idf_bootloader_support.dir/bootloader_flash
Searching for files in directory D:/hackathon/drivesense_edge/build/esp-idf/bootloader_support/CMakeFiles/__idf_bootloader_support.dir/bootloader_flash/src
Searching for files in directory D:/hackathon/drivesense_edge/build/esp-idf/bootloader_support/CMakeFiles/__idf_bootloader_support.dir/src
Searching for files in directory D:/hackathon/drivesense_edge/build/esp-idf/bootloader_support/CMakeFiles/__idf_bootloader_support.dir/src/esp32c3
Searching for files in directory D:/hackathon/drivesense_edge/build/esp-idf/CMakeFiles
Searching for files in directory D:/hackathon/drivesense_edge/build/esp-idf/cxx
Searching for files in directory D:/hackathon/drivesense_edge/build/esp-idf/cxx/CMakeFiles
Searching for files in directory D:/hackathon/drivesense_edge/build/esp-idf/cxx/CMakeFiles/__idf_cxx.dir
Searching for files in directory D:/hackathon/drivesense_edge/build/esp-idf/efuse
Searching for files in directory D:/hackathon/drivesense_edge/build/esp-idf/efuse/CMakeFiles
Searching for files in directory D:/hackathon/drivesense_edge/build/esp-idf/efuse/CMakeFiles/__idf_efuse.dir
Searching for files in directory D:/hackathon/drivesense_edge/build/esp-idf/efuse/CMakeFiles/__idf_efuse.dir/esp32c3
Searching for files in directory D:/hackathon/drivesense_edge/build/esp-idf/efuse/CMakeFiles/__idf_efuse.dir/src
Searching for files in directory D:/hackathon/drivesense_edge/build/esp-idf/efuse/CMakeFiles/__idf_efuse.dir/src/efuse_controller
Searching for files in directory D:/hackathon/drivesense_edge/build/esp-idf/efuse/CMakeFiles/__idf_efuse.dir/src/efuse_controller/keys
Searching for files in directory D:/hackathon/drivesense_edge/build/esp-idf/efuse/CMakeFiles/__idf_efuse.dir/src/efuse_controller/keys/with_key_purposes
Searching for files in directory D:/hackathon/drivesense_edge/build/esp-idf/esptool_py
Searching for files in directory D:/hackathon/drivesense_edge/build/esp-idf/esptool_py/CMakeFiles
Searching for files in directory D:/hackathon/drivesense_edge/build/esp-idf/esp_app_format
Searching for files in directory D:/hackathon/drivesense_edge/build/esp-idf/esp_app_format/CMakeFiles
Searching for files in directory D:/hackathon/drivesense_edge/build/esp-idf/esp_app_format/CMakeFiles/__idf_esp_app_format.dir
Searching for files in directory D:/hackathon/drivesense_edge/build/esp-idf/esp_bootloader_format
Searching for files in directory D:/hackathon/drivesense_edge/build/esp-idf/esp_bootloader_format/CMakeFiles
Searching for files in directory D:/hackathon/drivesense_edge/build/esp-idf/esp_bootloader_format/CMakeFiles/__idf_esp_bootloader_format.dir
Searching for files in directory D:/hackathon/drivesense_edge/build/esp-idf/esp_common
Searching for files in directory D:/hackathon/drivesense_edge/build/esp-idf/esp_common/CMakeFiles
Searching for files in directory D:/hackathon/drivesense_edge/build/esp-idf/esp_common/CMakeFiles/__idf_esp_common.dir
Searching for files in directory D:/hackathon/drivesense_edge/build/esp-idf/esp_common/CMakeFiles/__idf_esp_common.dir/src
Searching for files in directory D:/hackathon/drivesense_edge/build/esp-idf/esp_driver_gpio
Searching for files in directory D:/hackathon/drivesense_edge/build/esp-idf/esp_driver_gpio/CMakeFiles
Searching for files in directory D:/hackathon/drivesense_edge/build/esp-idf/esp_driver_gpio/CMakeFiles/__idf_esp_driver_gpio.dir
Searching for files in directory D:/hackathon/drivesense_edge/build/esp-idf/esp_driver_gpio/CMakeFiles/__idf_esp_driver_gpio.dir/src
Searching for files in directory D:/hackathon/drivesense_edge/build/esp-idf/esp_driver_i2c
Searching for files in directory D:/hackathon/drivesense_edge/build/esp-idf/esp_driver_i2c/CMakeFiles
Searching for files in directory D:/hackathon/drivesense_edge/build/esp-idf/esp_driver_i2c/CMakeFiles/__idf_esp_driver_i2c.dir
Searching for files in directory D:/hackathon/drivesense_edge/build/esp-idf/esp_hw_support
Searching for files in directory D:/hackathon/drivesense_edge/build/esp-idf/esp_hw_support/CMakeFiles
Searching for files in directory D:/hackathon/drivesense_edge/build/esp-idf/esp_hw_support/CMakeFiles/__idf_esp_hw_support.dir
Searching for files in directory D:/hackathon/drivesense_edge/build/esp-idf/esp_hw_support/CMakeFiles/__idf_esp_hw_support.dir/deprecated
Searching for files in directory D:/hackathon/drivesense_edge/build/esp-idf/esp_hw_support/CMakeFiles/__idf_esp_hw_support.dir/dma
Searching for files in directory D:/hackathon/drivesense_edge/build/esp-idf/esp_hw_support/CMakeFiles/__idf_esp_hw_support.dir/lowpower
Searching for files in directory D:/hackathon/drivesense_edge/build/esp-idf/esp_hw_support/CMakeFiles/__idf_esp_hw_support.dir/lowpower/port
Searching for files in directory D:/hackathon/drivesense_edge/build/esp-idf/esp_hw_support/CMakeFiles/__idf_esp_hw_support.dir/lowpower/port/esp32c3
Searching for files in directory D:/hackathon/drivesense_edge/build/esp-idf/esp_hw_support/CMakeFiles/__idf_esp_hw_support.dir/mspi_timing_tuning
Searching for files in directory D:/hackathon/drivesense_edge/build/esp-idf/esp_hw_support/CMakeFiles/__idf_esp_hw_support.dir/port
Searching for files in directory D:/hackathon/drivesense_edge/build/esp-idf/esp_hw_support/CMakeFiles/__idf_esp_hw_support.dir/port/esp32c3
Searching for files in directory D:/hackathon/drivesense_edge/build/esp-idf/esp_hw_support/CMakeFiles/__idf_esp_hw_support.dir/power_supply
Searching for files in directory D:/hackathon/drivesense_edge/build/esp-idf/esp_hw_support/lowpower
Searching for files in directory D:/hackathon/drivesense_edge/build/esp-idf/esp_hw_support/lowpower/CMakeFiles
Searching for files in directory D:/hackathon/drivesense_edge/build/esp-idf/esp_hw_support/port
Searching for files in directory D:/hackathon/drivesense_edge/build/esp-idf/esp_hw_support/port/esp32c3
Searching for files in directory D:/hackathon/drivesense_edge/build/esp-idf/esp_hw_support/port/esp32c3/CMakeFiles
Searching for files in directory D:/hackathon/drivesense_edge/build/esp-idf/esp_mm
Searching for files in directory D:/hackathon/drivesense_edge/build/esp-idf/esp_mm/CMakeFiles
Searching for files in directory D:/hackathon/drivesense_edge/build/esp-idf/esp_mm/CMakeFiles/__idf_esp_mm.dir
Searching for files in directory D:/hackathon/drivesense_edge/build/esp-idf/esp_mm/CMakeFiles/__idf_esp_mm.dir/port
Searching for files in directory D:/hackathon/drivesense_edge/build/esp-idf/esp_mm/CMakeFiles/__idf_esp_mm.dir/port/esp32c3
Searching for files in directory D:/hackathon/drivesense_edge/build/esp-idf/esp_partition
Searching for files in directory D:/hackathon/drivesense_edge/build/esp-idf/esp_partition/CMakeFiles
Searching for files in directory D:/hackathon/drivesense_edge/build/esp-idf/esp_partition/CMakeFiles/__idf_esp_partition.dir
Searching for files in directory D:/hackathon/drivesense_edge/build/esp-idf/esp_pm
Searching for files in directory D:/hackathon/drivesense_edge/build/esp-idf/esp_pm/CMakeFiles
Searching for files in directory D:/hackathon/drivesense_edge/build/esp-idf/esp_pm/CMakeFiles/__idf_esp_pm.dir
Searching for files in directory D:/hackathon/drivesense_edge/build/esp-idf/esp_ringbuf
Searching for files in directory D:/hackathon/drivesense_edge/build/esp-idf/esp_ringbuf/CMakeFiles
Searching for files in directory D:/hackathon/drivesense_edge/build/esp-idf/esp_ringbuf/CMakeFiles/__idf_esp_ringbuf.dir
Searching for files in directory D:/hackathon/drivesense_edge/build/esp-idf/esp_rom
Searching for files in directory D:/hackathon/drivesense_edge/build/esp-idf/esp_rom/CMakeFiles
Searching for files in directory D:/hackathon/drivesense_edge/build/esp-idf/esp_rom/CMakeFiles/__idf_esp_rom.dir
Searching for files in directory D:/hackathon/drivesense_edge/build/esp-idf/esp_rom/CMakeFiles/__idf_esp_rom.dir/patches
Searching for files in directory D:/hackathon/drivesense_edge/build/esp-idf/esp_security
Searching for files in directory D:/hackathon/drivesense_edge/build/esp-idf/esp_security/CMakeFiles
Searching for files in directory D:/hackathon/drivesense_edge/build/esp-idf/esp_security/CMakeFiles/__idf_esp_security.dir
Searching for files in directory D:/hackathon/drivesense_edge/build/esp-idf/esp_security/CMakeFiles/__idf_esp_security.dir/src
Searching for files in directory D:/hackathon/drivesense_edge/build/esp-idf/esp_system
Searching for files in directory D:/hackathon/drivesense_edge/build/esp-idf/esp_system/CMakeFiles
Searching for files in directory D:/hackathon/drivesense_edge/build/esp-idf/esp_system/CMakeFiles/__idf_esp_system.dir
Searching for files in directory D:/hackathon/drivesense_edge/build/esp-idf/esp_system/CMakeFiles/__idf_esp_system.dir/port
Searching for files in directory D:/hackathon/drivesense_edge/build/esp-idf/esp_system/CMakeFiles/__idf_esp_system.dir/port/arch
Searching for files in directory D:/hackathon/drivesense_edge/build/esp-idf/esp_system/CMakeFiles/__idf_esp_system.dir/port/arch/riscv
Searching for files in directory D:/hackathon/drivesense_edge/build/esp-idf/esp_system/CMakeFiles/__idf_esp_system.dir/port/soc
Searching for files in directory D:/hackathon/drivesense_edge/build/esp-idf/esp_system/CMakeFiles/__idf_esp_system.dir/port/soc/esp32c3
Searching for files in directory D:/hackathon/drivesense_edge/build/esp-idf/esp_system/CMakeFiles/__idf_esp_system.dir/task_wdt
Searching for files in directory D:/hackathon/drivesense_edge/build/esp-idf/esp_system/ld
Searching for files in directory D:/hackathon/drivesense_edge/build/esp-idf/esp_system/port
Searching for files in directory D:/hackathon/drivesense_edge/build/esp-idf/esp_system/port/CMakeFiles
Searching for files in directory D:/hackathon/drivesense_edge/build/esp-idf/esp_system/port/soc
Searching for files in directory D:/hackathon/drivesense_edge/build/esp-idf/esp_system/port/soc/esp32c3
Searching for files in directory D:/hackathon/drivesense_edge/build/esp-idf/esp_system/port/soc/esp32c3/CMakeFiles
Searching for files in directory D:/hackathon/drivesense_edge/build/esp-idf/esp_timer
Searching for files in directory D:/hackathon/drivesense_edge/build/esp-idf/esp_timer/CMakeFiles
Searching for files in directory D:/hackathon/drivesense_edge/build/esp-idf/esp_timer/CMakeFiles/__idf_esp_timer.dir
Searching for files in directory D:/hackathon/drivesense_edge/build/esp-idf/esp_timer/CMakeFiles/__idf_esp_timer.dir/src
Searching for files in directory D:/hackathon/drivesense_edge/build/esp-idf/firmgen_telemetry
Searching for files in directory D:/hackathon/drivesense_edge/build/esp-idf/firmgen_telemetry/CMakeFiles
Searching for files in directory D:/hackathon/drivesense_edge/build/esp-idf/firmgen_telemetry/CMakeFiles/__idf_firmgen_telemetry.dir
Searching for files in directory D:/hackathon/drivesense_edge/build/esp-idf/freertos
Searching for files in directory D:/hackathon/drivesense_edge/build/esp-idf/freertos/CMakeFiles
Searching for files in directory D:/hackathon/drivesense_edge/build/esp-idf/freertos/CMakeFiles/__idf_freertos.dir
Searching for files in directory D:/hackathon/drivesense_edge/build/esp-idf/freertos/CMakeFiles/__idf_freertos.dir/esp_additions
Searching for files in directory D:/hackathon/drivesense_edge/build/esp-idf/freertos/CMakeFiles/__idf_freertos.dir/FreeRTOS-Kernel
Searching for files in directory D:/hackathon/drivesense_edge/build/esp-idf/freertos/CMakeFiles/__idf_freertos.dir/FreeRTOS-Kernel/portable
Searching for files in directory D:/hackathon/drivesense_edge/build/esp-idf/freertos/CMakeFiles/__idf_freertos.dir/FreeRTOS-Kernel/portable/riscv
Searching for files in directory D:/hackathon/drivesense_edge/build/esp-idf/hal
Searching for files in directory D:/hackathon/drivesense_edge/build/esp-idf/hal/CMakeFiles
Searching for files in directory D:/hackathon/drivesense_edge/build/esp-idf/hal/CMakeFiles/__idf_hal.dir
Searching for files in directory D:/hackathon/drivesense_edge/build/esp-idf/hal/CMakeFiles/__idf_hal.dir/esp32c3
Searching for files in directory D:/hackathon/drivesense_edge/build/esp-idf/heap
Searching for files in directory D:/hackathon/drivesense_edge/build/esp-idf/heap/CMakeFiles
Searching for files in directory D:/hackathon/drivesense_edge/build/esp-idf/heap/CMakeFiles/__idf_heap.dir
Searching for files in directory D:/hackathon/drivesense_edge/build/esp-idf/heap/CMakeFiles/__idf_heap.dir/port
Searching for files in directory D:/hackathon/drivesense_edge/build/esp-idf/heap/CMakeFiles/__idf_heap.dir/port/esp32c3
Searching for files in directory D:/hackathon/drivesense_edge/build/esp-idf/heap/CMakeFiles/__idf_heap.dir/tlsf
Searching for files in directory D:/hackathon/drivesense_edge/build/esp-idf/log
Searching for files in directory D:/hackathon/drivesense_edge/build/esp-idf/log/CMakeFiles
Searching for files in directory D:/hackathon/drivesense_edge/build/esp-idf/log/CMakeFiles/__idf_log.dir
Searching for files in directory D:/hackathon/drivesense_edge/build/esp-idf/log/CMakeFiles/__idf_log.dir/src
Searching for files in directory D:/hackathon/drivesense_edge/build/esp-idf/log/CMakeFiles/__idf_log.dir/src/buffer
Searching for files in directory D:/hackathon/drivesense_edge/build/esp-idf/log/CMakeFiles/__idf_log.dir/src/log_level
Searching for files in directory D:/hackathon/drivesense_edge/build/esp-idf/log/CMakeFiles/__idf_log.dir/src/log_level/tag_log_level
Searching for files in directory D:/hackathon/drivesense_edge/build/esp-idf/log/CMakeFiles/__idf_log.dir/src/log_level/tag_log_level/cache
Searching for files in directory D:/hackathon/drivesense_edge/build/esp-idf/log/CMakeFiles/__idf_log.dir/src/log_level/tag_log_level/linked_list
Searching for files in directory D:/hackathon/drivesense_edge/build/esp-idf/log/CMakeFiles/__idf_log.dir/src/os
Searching for files in directory D:/hackathon/drivesense_edge/build/esp-idf/main
Searching for files in directory D:/hackathon/drivesense_edge/build/esp-idf/main/CMakeFiles
Searching for files in directory D:/hackathon/drivesense_edge/build/esp-idf/main/CMakeFiles/__idf_main.dir
Searching for files in directory D:/hackathon/drivesense_edge/build/esp-idf/main/CMakeFiles/__idf_main.dir/__
Searching for files in directory D:/hackathon/drivesense_edge/build/esp-idf/main/CMakeFiles/__idf_main.dir/__/firmware
Searching for files in directory D:/hackathon/drivesense_edge/build/esp-idf/main/CMakeFiles/__idf_main.dir/__/firmware/app
Searching for files in directory D:/hackathon/drivesense_edge/build/esp-idf/main/CMakeFiles/__idf_main.dir/__/firmware/platforms
Searching for files in directory D:/hackathon/drivesense_edge/build/esp-idf/main/CMakeFiles/__idf_main.dir/__/firmware/platforms/esp32
Searching for files in directory D:/hackathon/drivesense_edge/build/esp-idf/mbedtls
Searching for files in directory D:/hackathon/drivesense_edge/build/esp-idf/mbedtls/CMakeFiles
Searching for files in directory D:/hackathon/drivesense_edge/build/esp-idf/mbedtls/CMakeFiles/__idf_mbedtls.dir
Searching for files in directory D:/hackathon/drivesense_edge/build/esp-idf/mbedtls/CMakeFiles/__idf_mbedtls.dir/esp_crt_bundle
Searching for files in directory D:/hackathon/drivesense_edge/build/esp-idf/mbedtls/CMakeFiles/__idf_mbedtls.dir/__
Searching for files in directory D:/hackathon/drivesense_edge/build/esp-idf/mbedtls/CMakeFiles/__idf_mbedtls.dir/__/__
Searching for files in directory D:/hackathon/drivesense_edge/build/esp-idf/mbedtls/mbedtls
Searching for files in directory D:/hackathon/drivesense_edge/build/esp-idf/mbedtls/mbedtls/3rdparty
Searching for files in directory D:/hackathon/drivesense_edge/build/esp-idf/mbedtls/mbedtls/3rdparty/CMakeFiles
Searching for files in directory D:/hackathon/drivesense_edge/build/esp-idf/mbedtls/mbedtls/3rdparty/everest
Searching for files in directory D:/hackathon/drivesense_edge/build/esp-idf/mbedtls/mbedtls/3rdparty/everest/CMakeFiles
Searching for files in directory D:/hackathon/drivesense_edge/build/esp-idf/mbedtls/mbedtls/3rdparty/everest/CMakeFiles/everest.dir
Searching for files in directory D:/hackathon/drivesense_edge/build/esp-idf/mbedtls/mbedtls/3rdparty/everest/CMakeFiles/everest.dir/library
Searching for files in directory D:/hackathon/drivesense_edge/build/esp-idf/mbedtls/mbedtls/3rdparty/p256-m
Searching for files in directory D:/hackathon/drivesense_edge/build/esp-idf/mbedtls/mbedtls/3rdparty/p256-m/CMakeFiles
Searching for files in directory D:/hackathon/drivesense_edge/build/esp-idf/mbedtls/mbedtls/3rdparty/p256-m/CMakeFiles/p256m.dir
Searching for files in directory D:/hackathon/drivesense_edge/build/esp-idf/mbedtls/mbedtls/3rdparty/p256-m/CMakeFiles/p256m.dir/p256-m
Searching for files in directory D:/hackathon/drivesense_edge/build/esp-idf/mbedtls/mbedtls/CMakeFiles
Searching for files in directory D:/hackathon/drivesense_edge/build/esp-idf/mbedtls/mbedtls/include
Searching for files in directory D:/hackathon/drivesense_edge/build/esp-idf/mbedtls/mbedtls/include/CMakeFiles
Searching for files in directory D:/hackathon/drivesense_edge/build/esp-idf/mbedtls/mbedtls/library
Searching for files in directory D:/hackathon/drivesense_edge/build/esp-idf/mbedtls/mbedtls/library/CMakeFiles
Searching for files in directory D:/hackathon/drivesense_edge/build/esp-idf/mbedtls/mbedtls/library/CMakeFiles/mbedcrypto.dir
Searching for files in directory D:/hackathon/drivesense_edge/build/esp-idf/mbedtls/mbedtls/library/CMakeFiles/mbedcrypto.dir/C_
Searching for files in directory D:/hackathon/drivesense_edge/build/esp-idf/mbedtls/mbedtls/library/CMakeFiles/mbedcrypto.dir/C_/Espressif
Searching for files in directory D:/hackathon/drivesense_edge/build/esp-idf/mbedtls/mbedtls/library/CMakeFiles/mbedcrypto.dir/C_/Espressif/esp-idf-release-v5.5
Searching for files in directory D:/hackathon/drivesense_edge/build/esp-idf/mbedtls/mbedtls/library/CMakeFiles/mbedcrypto.dir/C_/Espressif/esp-idf-release-v5.5/components
Searching for files in directory D:/hackathon/drivesense_edge/build/esp-idf/mbedtls/mbedtls/library/CMakeFiles/mbedcrypto.dir/C_/Espressif/esp-idf-release-v5.5/components/mbedtls
Searching for files in directory D:/hackathon/drivesense_edge/build/esp-idf/mbedtls/mbedtls/library/CMakeFiles/mbedcrypto.dir/C_/Espressif/esp-idf-release-v5.5/components/mbedtls/port
Searching for files in directory D:/hackathon/drivesense_edge/build/esp-idf/mbedtls/mbedtls/library/CMakeFiles/mbedcrypto.dir/C_/Espressif/esp-idf-release-v5.5/components/mbedtls/port/aes
Searching for files in directory D:/hackathon/drivesense_edge/build/esp-idf/mbedtls/mbedtls/library/CMakeFiles/mbedcrypto.dir/C_/Espressif/esp-idf-release-v5.5/components/mbedtls/port/aes/dma
Searching for files in directory D:/hackathon/drivesense_edge/build/esp-idf/mbedtls/mbedtls/library/CMakeFiles/mbedcrypto.dir/C_/Espressif/esp-idf-release-v5.5/components/mbedtls/port/bignum
Searching for files in directory D:/hackathon/drivesense_edge/build/esp-idf/mbedtls/mbedtls/library/CMakeFiles/mbedcrypto.dir/C_/Espressif/esp-idf-release-v5.5/components/mbedtls/port/crypto_shared_gdma
Searching for files in directory D:/hackathon/drivesense_edge/build/esp-idf/mbedtls/mbedtls/library/CMakeFiles/mbedcrypto.dir/C_/Espressif/esp-idf-release-v5.5/components/mbedtls/port/md
Searching for files in directory D:/hackathon/drivesense_edge/build/esp-idf/mbedtls/mbedtls/library/CMakeFiles/mbedcrypto.dir/C_/Espressif/esp-idf-release-v5.5/components/mbedtls/port/sha
Searching for files in directory D:/hackathon/drivesense_edge/build/esp-idf/mbedtls/mbedtls/library/CMakeFiles/mbedcrypto.dir/C_/Espressif/esp-idf-release-v5.5/components/mbedtls/port/sha/core
Searching for files in directory D:/hackathon/drivesense_edge/build/esp-idf/mbedtls/mbedtls/library/CMakeFiles/mbedtls.dir
Searching for files in directory D:/hackathon/drivesense_edge/build/esp-idf/mbedtls/mbedtls/library/CMakeFiles/mbedtls.dir/C_
Searching for files in directory D:/hackathon/drivesense_edge/build/esp-idf/mbedtls/mbedtls/library/CMakeFiles/mbedtls.dir/C_/Espressif
Searching for files in directory D:/hackathon/drivesense_edge/build/esp-idf/mbedtls/mbedtls/library/CMakeFiles/mbedtls.dir/C_/Espressif/esp-idf-release-v5.5
Searching for files in directory D:/hackathon/drivesense_edge/build/esp-idf/mbedtls/mbedtls/library/CMakeFiles/mbedtls.dir/C_/Espressif/esp-idf-release-v5.5/components
Searching for files in directory D:/hackathon/drivesense_edge/build/esp-idf/mbedtls/mbedtls/library/CMakeFiles/mbedtls.dir/C_/Espressif/esp-idf-release-v5.5/components/mbedtls
Searching for files in directory D:/hackathon/drivesense_edge/build/esp-idf/mbedtls/mbedtls/library/CMakeFiles/mbedtls.dir/C_/Espressif/esp-idf-release-v5.5/components/mbedtls/port
Searching for files in directory D:/hackathon/drivesense_edge/build/esp-idf/mbedtls/mbedtls/library/CMakeFiles/mbedx509.dir
Searching for files in directory D:/hackathon/drivesense_edge/build/esp-idf/mbedtls/mbedtls/pkgconfig
Searching for files in directory D:/hackathon/drivesense_edge/build/esp-idf/mbedtls/mbedtls/pkgconfig/CMakeFiles
Searching for files in directory D:/hackathon/drivesense_edge/build/esp-idf/newlib
Searching for files in directory D:/hackathon/drivesense_edge/build/esp-idf/newlib/CMakeFiles
Searching for files in directory D:/hackathon/drivesense_edge/build/esp-idf/newlib/CMakeFiles/__idf_newlib.dir
Searching for files in directory D:/hackathon/drivesense_edge/build/esp-idf/newlib/CMakeFiles/__idf_newlib.dir/src
Searching for files in directory D:/hackathon/drivesense_edge/build/esp-idf/newlib/CMakeFiles/__idf_newlib.dir/src/port
Searching for files in directory D:/hackathon/drivesense_edge/build/esp-idf/newlib/src
Searching for files in directory D:/hackathon/drivesense_edge/build/esp-idf/newlib/src/port
Searching for files in directory D:/hackathon/drivesense_edge/build/esp-idf/newlib/src/port/CMakeFiles
Searching for files in directory D:/hackathon/drivesense_edge/build/esp-idf/partition_table
Searching for files in directory D:/hackathon/drivesense_edge/build/esp-idf/partition_table/CMakeFiles
Searching for files in directory D:/hackathon/drivesense_edge/build/esp-idf/pthread
Searching for files in directory D:/hackathon/drivesense_edge/build/esp-idf/pthread/CMakeFiles
Searching for files in directory D:/hackathon/drivesense_edge/build/esp-idf/pthread/CMakeFiles/__idf_pthread.dir
Searching for files in directory D:/hackathon/drivesense_edge/build/esp-idf/riscv
Searching for files in directory D:/hackathon/drivesense_edge/build/esp-idf/riscv/CMakeFiles
Searching for files in directory D:/hackathon/drivesense_edge/build/esp-idf/riscv/CMakeFiles/__idf_riscv.dir
Searching for files in directory D:/hackathon/drivesense_edge/build/esp-idf/soc
Searching for files in directory D:/hackathon/drivesense_edge/build/esp-idf/soc/CMakeFiles
Searching for files in directory D:/hackathon/drivesense_edge/build/esp-idf/soc/CMakeFiles/__idf_soc.dir
Searching for files in directory D:/hackathon/drivesense_edge/build/esp-idf/soc/CMakeFiles/__idf_soc.dir/esp32c3
Searching for files in directory D:/hackathon/drivesense_edge/build/esp-idf/spi_flash
Searching for files in directory D:/hackathon/drivesense_edge/build/esp-idf/spi_flash/CMakeFiles
Searching for files in directory D:/hackathon/drivesense_edge/build/esp-idf/spi_flash/CMakeFiles/__idf_spi_flash.dir
Searching for files in directory D:/hackathon/drivesense_edge/build/gdbinit
Searching for files in directory D:/hackathon/drivesense_edge/build/log
Searching for files in directory D:/hackathon/drivesense_edge/build/partition_table
Searching INPUT for files to process...
Searching for files in directory D:/hackathon/drivesense_edge/firmware
Searching for files in directory D:/hackathon/drivesense_edge/firmware/app
Searching for files in directory D:/hackathon/drivesense_edge/firmware/configs
Searching for files in directory D:/hackathon/drivesense_edge/firmware/docs
Searching for files in directory D:/hackathon/drivesense_edge/firmware/docs/api
Searching for files in directory D:/hackathon/drivesense_edge/firmware/interfaces
Searching for files in directory D:/hackathon/drivesense_edge/firmware/platforms
Searching for files in directory D:/hackathon/drivesense_edge/firmware/platforms/esp32
Reading and parsing tag files
Parsing files
Preprocessing D:/hackathon/drivesense_edge/firmware/app/app.c...
Parsing file D:/hackathon/drivesense_edge/firmware/app/app.c...
Preprocessing D:/hackathon/drivesense_edge/firmware/app/app.h...
Parsing file D:/hackathon/drivesense_edge/firmware/app/app.h...
Preprocessing D:/hackathon/drivesense_edge/firmware/configs/app_config.h...
Parsing file D:/hackathon/drivesense_edge/firmware/configs/app_config.h...
Reading D:/hackathon/drivesense_edge/firmware/docs/overview.md...
Preprocessing D:/hackathon/drivesense_edge/firmware/interfaces/imu_if.h...
Parsing file D:/hackathon/drivesense_edge/firmware/interfaces/imu_if.h...
Preprocessing D:/hackathon/drivesense_edge/firmware/platforms/esp32/hw290_imu.c...
Parsing file D:/hackathon/drivesense_edge/firmware/platforms/esp32/hw290_imu.c...
Preprocessing D:/hackathon/drivesense_edge/firmware/platforms/esp32/hw290_imu.h...
Parsing file D:/hackathon/drivesense_edge/firmware/platforms/esp32/hw290_imu.h...
Building macro definition list...
Building group list...
Building directory list...
Building namespace list...
Building file list...
Building class list...
Building concept list...
Computing nesting relations for classes...
Associating documentation with classes...
Associating documentation with concepts...
Associating documentation with modules...
Building example list...
Searching for enumerations...
Searching for documented typedefs...
Searching for members imported via using declarations...
Searching for included using directives...
Searching for documented variables...
Building interface member list...
Building member list...
Searching for friends...
Searching for documented defines...
Computing class inheritance relations...
Computing class usage relations...
Flushing cached template relations that have become invalid...
Warn for undocumented namespaces...
Computing class relations...
Add enum values to enums...
Searching for member function documentation...
Creating members for template instances...
Building page list...
Building requirements list...
Search for main page...
Computing page relations...
Determining the scope of groups...
Computing module relations...
Sorting lists...
Determining which enums are documented
Computing member relations...
Building full member lists recursively...
Adding members to member groups.
Distributing member group documentation.
Computing member references...
Inheriting documentation...
Generating disk names...
Adding source references...
Adding xrefitems...
Adding requirements...
Sorting member lists...
Setting anonymous enum type...
Computing dependencies between directories...
Generating citations page...
Counting members...
Counting data structures...
Resolving user defined references...
Finding anchors and sections in the documentation...
Transferring function references...
Combining using relations...
Adding members to index pages...
Correcting members for VHDL...
Computing tooltip texts...
Generating style sheet...
Generating search indices...
Generating example documentation...
Generating file sources...
Generating code for file firmware/app/app.c...
Generating code for file firmware/app/app.h...
Generating code for file firmware/configs/app_config.h...
Parsing code for file firmware/docs/overview.md...
Generating code for file firmware/interfaces/imu_if.h...
Generating code for file firmware/platforms/esp32/hw290_imu.c...
Generating code for file firmware/platforms/esp32/hw290_imu.h...
Generating file documentation...
Generating docs for file firmware/app/app.c...
Generating call graph for function app_main_start
Generating caller graph for function filter_sample
Generating caller graph for function vector_magnitude
Generating docs for file firmware/app/app.h...
Generating call graph for function app_main_start
Generating docs for file firmware/configs/app_config.h...
Generating docs for file firmware/docs/overview.md...
Generating docs for file firmware/interfaces/imu_if.h...
Generating call graph for function imu_init
Generating caller graph for function imu_init
Generating call graph for function imu_read_sample
Generating caller graph for function imu_read_sample
Generating docs for file firmware/platforms/esp32/hw290_imu.c...
Generating call graph for function imu_init
Generating caller graph for function imu_init
Generating call graph for function imu_read_sample
Generating caller graph for function imu_read_sample
Generating caller graph for function reg_read
Generating caller graph for function reg_write
Generating docs for file firmware/platforms/esp32/hw290_imu.h...
Generating page documentation...
Generating group documentation...
Generating class documentation...
Generating docs for compound imu_sample_t...
Generating concept documentation...
Generating module documentation...
Generating namespace documentation...
Generating graph info page...
Generating directory documentation...
Generating dependency graph for directory firmware/app
Generating dependency graph for directory firmware/configs
Generating dependency graph for directory firmware/docs
Generating dependency graph for directory firmware/platforms/esp32
Generating dependency graph for directory firmware
Generating dependency graph for directory firmware/interfaces
Generating dependency graph for directory firmware/platforms
Generating index page...
Generating main page...
Generating page index...
Generating topic index...
Generating module index...
Generating module member index...
Generating namespace index...
Generating namespace member index...
Generating concept index...
Generating annotated compound index...
Generating alphabetical compound index...
Generating hierarchical class index...
Generating graphical class hierarchy...
Generating member index...
Generating file index...
Generating file member index...
Generating example index...
finalizing index lists...
writing tag file...
Running plantuml with JAVA...
Running dot...
Generating dot graphs using 13 parallel threads...
Running dot for graph 1/31
Running dot for graph 2/31
Running dot for graph 3/31
Running dot for graph 4/31
Running dot for graph 5/31
Running dot for graph 6/31
Running dot for graph 7/31
Running dot for graph 8/31
Running dot for graph 9/31
Running dot for graph 10/31
Running dot for graph 11/31
Running dot for graph 12/31
Running dot for graph 13/31
Running dot for graph 14/31
Running dot for graph 15/31
Running dot for graph 16/31
Running dot for graph 17/31
Running dot for graph 18/31
Running dot for graph 19/31
Running dot for graph 20/31
Running dot for graph 21/31
Running dot for graph 22/31
Running dot for graph 23/31
Running dot for graph 24/31
Running dot for graph 25/31
Running dot for graph 26/31
Running dot for graph 27/31
Running dot for graph 28/31
Running dot for graph 29/31
Running dot for graph 30/31
Running dot for graph 31/31
Patching output file 1/45
Patching output file 2/45
Patching output file 3/45
Patching output file 4/45
Patching output file 5/45
Patching output file 6/45
Patching output file 7/45
Patching output file 8/45
Patching output file 9/45
Patching output file 10/45
Patching output file 11/45
Patching output file 12/45
Patching output file 13/45
Patching output file 14/45
Patching output file 15/45
Patching output file 16/45
Patching output file 17/45
Patching output file 18/45
Patching output file 19/45
Patching output file 20/45
Patching output file 21/45
Patching output file 22/45
Patching output file 23/45
Patching output file 24/45
Patching output file 25/45
Patching output file 26/45
Patching output file 27/45
Patching output file 28/45
Patching output file 29/45
Patching output file 30/45
Patching output file 31/45
Patching output file 32/45
Patching output file 33/45
Patching output file 34/45
Patching output file 35/45
Patching output file 36/45
Patching output file 37/45
Patching output file 38/45
Patching output file 39/45
Patching output file 40/45
Patching output file 41/45
Patching output file 42/45
Patching output file 43/45
Patching output file 44/45
Patching output file 45/45
type lookup cache used 87/262144 hits=503 misses=223
symbol lookup cache used 82/262144 hits=61 misses=82
finished...
